State Abv,All Centers,Hospital Name,All Centers Hospital Name,Address,,lat/long
 AL, ALAM-TX1,University of South Alabama Medical Center, ALAM-TX1 University of South Alabama Medical Center,"1261 Hillcrest Rd, Mobile, AL 36695",https://www.usahealthsystem.com/locations/university-hospital,"30.663471272727275,-88.190445"
 AL, ALCH-TX1,Children's of Alabama, ALCH-TX1 Children's of Alabama,"1600 7th Avenue South Birmingham, AL 35233",https://www.childrensal.org/?utm_campaign=website-link&utm_medium=organic&utm_source=local-listing,"33.50468945,-86.80563664212131"
 AL, ALUA-TX1,University of Alabama Hospital, ALUA-TX1 University of Alabama Hospital,"619 South 20th Street Birmingham, AL 35233",http://www.uabmedicine.org/locations/uab-hospital,"33.511651663265305,-86.89626997959184"
 AL, ALVA-TX1,Birmingham VA Medical Center, ALVA-TX1 Birmingham VA Medical Center,"700 19th St S, Birmingham, AL 35233",http://www.birmingham.va.gov/,"33.50505,-86.80129"
 AR, ARBH-TX1,Baptist Medical Center, ARBH-TX1 Baptist Medical Center,"9601 Baptist Health Dr, Little Rock, AR 72205",https://www.baptist-health.com/location/baptist-health-little-rock-emergency-department/,"34.743831,-92.38100358733801"
 AR, ARCH-TX1,Arkansas Children's Hospital, ARCH-TX1 Arkansas Children's Hospital,"1 Children's Way, Little Rock, AR 72202",https://www.archildrens.org/,"34.74084135,-92.29159232598643"
 AR, ARUA-TX1,UAMS Medical Center, ARUA-TX1 UAMS Medical Center,"4301 W Markham Little Rock, AR 72205",https://uamshealth.com/location/uams-medical-center/?utm_source=google&utm_medium=gmb&utm_campaign=clinical&utm_term=location&utm_content=profile&utm_specs=uams-medical-center,"34.74953576483294, -92.32053162837326"
 AZ, AZCH-TX1,Phoenix Children's Hospital, AZCH-TX1 Phoenix Children's Hospital,"1919 E Thomas Rd, Phoenix, AZ 85016",http://phoenixchildrens.org/?utm_source=chatmeter&utm_medium=local-listing,"33.4788896,-112.04112806469735"
 AZ, AZGS-TX1,Banner-University Medical Center Phoenix, AZGS-TX1 Banner-University Medical Center Phoenix,"1111 E McDowell Rd, Phoenix, AZ 85006",https://www.bannerhealth.com/locations/phoenix/banner-university-medical-center-phoenix?y_source=1_MTE5MDczNTMtNzE1LWxvY2F0aW9uLmdvb2dsZV93ZWJzaXRlX292ZXJyaWRl,"33.46470925,-112.05858003890629"
 AZ, AZMC-TX1,Mayo Clinic Hospital, AZMC-TX1 Mayo Clinic Hospital,"5777 East Mayo Boulevard Phoenix, AZ 85054",http://www.mayoclinic.org/patient-visitor-guide/arizona/campus-buildings-maps/mayo-clinic-hospital?mc_id=us&utm_source=yext&utm_medium=l&utm_content=feature&utm_campaign=mayoclinic&geo=national&placementsite=enterprise&invsrc=other&cauid=102372,"33.65725275,-111.95589166996007"
 AZ, AZSJ-TX1,St. Joseph's Hospital and Medical Center, AZSJ-TX1 St. Joseph's Hospital and Medical Center,"350 West Thomas Road Phoenix, AZ 85013",https://locations.dignityhealth.org/st-joseph's-hospital-and-medical-center?utm_source=LocalSearch&utm_medium=Facility&utm_campaign=Arizona&utm_term=St.Joseph%27sHospitalandMedicalCenter&y_source=1_NjE3ODk3NS03MTUtbG9jYXRpb24ud2Vic2l0ZQ%3D%3D,"33.4822628,-112.08005151512393"
 AZ, AZSM-TX1,Scottsdale Healthcare Osborn, AZSM-TX1 Scottsdale Healthcare Osborn,"7400 E Osborn Rd, Scottsdale, AZ 85251",https://www.honorhealth.com/locations/hospitals/scottsdale-osborn-medical-center?utm_source=GMB&utm_medium=local&utm_campaign=Scottsdale_Osborn_Medical_Center,"33.4885727,-111.92298318765714"
 AZ, AZTV-TX1,Veterans Administration Medical Center Tucson, AZTV-TX1 Veterans Administration Medical Center Tucson,"3601 S 6th Ave, Tucson, AZ 85723",http://www.va.gov/,"32.18144915,-110.96479694032043"
 AZ, AZUA-TX1,Banner University Medical Center-Tucson, AZUA-TX1 Banner University Medical Center-Tucson,"1625 North Campbell Avenue Tucson, AZ 85719",https://www.bannerhealth.com/locations/tucson/banner-university-medical-center-tucson,"32.24197630633849,-110.94409464220512"
 CA, CABE-TX1,Saint Bernardine Medical Center, CABE-TX1 Saint Bernardine Medical Center,"2101 N Waterman Ave, San Bernardino, CA 92404",https://locations.dignityhealth.org/dignity-health-st-bernardine-medical-center?utm_source=LocalSearch&utm_medium=Facility&utm_campaign=SouthernCalifornia&utm_term=DignityHealth-St.BernardineMedicalCenter&y_source=1_NjMzNjQ5Ny03MTUtbG9jYXRpb24ud2Vic2l0ZQ%3D%3D,"34.134179,-117.278677"
 CA, CABH-TX1,Alta Bates Medical Center, CABH-TX1 Alta Bates Medical Center,"3242 Telegraph Ave, Oakland, CA 94609",https://www.sutterhealth.org/find-location/facility/alta-bates-summit-medical-center-summit-campus,"37.8332682,-122.2634625"
 CA, CACH-TX1,Rady Children's Hospital and Health Center, CACH-TX1 Rady Children's Hospital and Health Center,"D, 477 N El Camino Real #302, Encinitas, CA 92024",http://www.rchsd.org/,"33.0571471,-117.2614423"
 CA, CACL-TX1,Childrens Hospital Los Angeles, CACL-TX1 Childrens Hospital Los Angeles,"4650 Sunset Blvd, Los Angeles, CA 90027",https://www.chla.org/,"34.0976912,-118.29008014420512"
 CA, CACS-TX1,Cedars-Sinai Medical Center, CACS-TX1 Cedars-Sinai Medical Center,"8700 Beverly Blvd #2900A, Los Angeles, CA 90048",https://www.cedars-sinai.org/,"34.0751604,-118.38109362449856"
 CA, CAEM-TX1,Eisenhower Memorial Hospital, CAEM-TX1 Eisenhower Memorial Hospital,"39000 Bob Hope Dr, Rancho Mirage, CA 92270",https://www.eisenhowerhealth.org/,"33.763364949999996,-116.406171354673"
 CA, CAGH-TX1,Scripps Green Hospital, CAGH-TX1 Scripps Green Hospital,"10666 N Torrey Pines Rd, San Diego, CA 92037",http://www.scripps.org/LocListSGHsdpsocial-gmb,"32.89631765,-117.24263914897723"
 CA, CAIM-TX1,University of California Irvine Medical Center, CAIM-TX1 University of California Irvine Medical Center,"101 The City Dr S, Orange, CA 92868",https://www.ucihealth.org/,"33.78722845,-117.88840705261205"
 CA, CAKP-TX1,Kaiser Permanente-San Francisco Medical Center, CAKP-TX1 Kaiser Permanente-San Francisco Medical Center,"2425 Geary Blvd, San Francisco, CA 94115",https://healthy.kaiserpermanente.org/northern-california/facilities/San-Francisco-Medical-Center-100328,"37.7828619,-122.44065908679704"
 CA, CALA-TX1,Harbor UCLA Medical Center, CALA-TX1 Harbor UCLA Medical Center,"1000 W Carson St, Torrance, CA 90502",http://www.harbor-ucla.org/,"33.8314751,-118.3090998"
 CA, CALB-TX1,St Mary Medical Center, CALB-TX1 St Mary Medical Center,"1043 Elm Ave Ste 300, Long Beach, CA 90813",https://locations.dignityhealth.org/emergency-medicine-st-mary-medical-center-long-beach?utm_source=LocalSearch&utm_medium=Facility&utm_campaign=SouthernCalifornia&utm_term=St.MaryMedicalCenterLongBeach-EmergencyRoom&y_source=1_ODczNzg0Ni03MTUtbG9jYXRpb24ud2Vic2l0ZQ%3D%3D,"33.780173713758714, -118.18835683010425"
 CA, CALL-TX1,Loma Linda University Medical Center, CALL-TX1 Loma Linda University Medical Center,"11234 Anderson St, Loma Linda, CA 92354",https://lluh.org/?utm_source=google-local&utm_medium=organic&utm_campaign=yext,"34.04911185,-117.26343554537584"
 CA, CAMB-TX1,UCSF Medical Center at Mission Bay, CAMB-TX1 UCSF Medical Center at Mission Bay,"1825 4th St, San Francisco, CA 94158",https://www.ucsfhealth.org/locations/mission-bay,"37.765642,-122.38973768924615"
 CA, CAMH-TX1,Santa Rosa Memorial Hospital, CAMH-TX1 Santa Rosa Memorial Hospital,"1287 Fulton Rd, Santa Rosa, CA 95401",http://www.stjoesonoma.org/?y_source=1_ODI0NjgwOC03MTUtbG9jYXRpb24ud2Vic2l0ZQ%3D%3D,"38.4504283,-122.7715109"
 CA, CAPC-TX1,Lucile Salter Packard Children's Hospital at Stanford, CAPC-TX1 Lucile Salter Packard Children's Hospital at Stanford,"725 Welch Rd, Palo Alto, CA 94304",https://www.stanfordchildrens.org/?utm_source=local&utm_medium=Yext&utm_campaign=GMB&y_source=1_MTY1NzU0NDYtNzE1LWxvY2F0aW9uLmdvb2dsZV93ZWJzaXRlX292ZXJyaWRl,"37.436156749999995,-122.1752510159896"
 CA, CAPM-TX1,California Pacific Medical Center-Van Ness Campus, CAPM-TX1 California Pacific Medical Center-Van Ness Campus,"1101 Van Ness Ave, San Francisco, CA 94109",https://www.sutterhealth.org/find-location/facility/cpmc-van-ness-campus,"37.785784,-122.421601"
 CA, CARC-TX1,Riverside Community Hospital, CARC-TX1 Riverside Community Hospital,"4445 Magnolia Ave, Riverside, CA 92501",http://riversidecommunityhospital.com/?utm_campaign=corp_listings_mgmt&utm_source=google&utm_medium=business_listing,"33.97651725,-117.38256094437733"
 CA, CARZ-TX1,Hoag Memorial Hospital Presbyterian, CARZ-TX1 Hoag Memorial Hospital Presbyterian,"1 Hoag Dr, Newport Beach, CA 92663",https://www.hoag.org/locations/hoag-hospital-newport-beach/?utm_source=google&utm_medium=local&utm_content=hh-nb,"33.62465605897879, -117.92972153209205"
 CA, CASB-TX1,Arrowhead Regional Medical Center, CASB-TX1 Arrowhead Regional Medical Center,"400 N Pepper Ave, Colton, CA 92324",https://www.arrowheadregional.org/,"34.076434,-117.352826"
 CA, CASC-TX1,Los Angeles County University of Southern California Medical Center, CASC-TX1 Los Angeles County University of Southern California Medical Center,"2051 Marengo St, Los Angeles, CA 90033",http://www.lacusc.org/,"34.05928145,-118.20921884540476"
 CA, CASD-TX1,University of California San Diego Medical Center, CASD-TX1 University of California San Diego Medical Center,"9300 Campus Point Dr, La Jolla, CA 92037",https://healthlocations.ucsd.edu/la-jolla/9400-campus-point-drive?utm_source=googlemybusiness&utm_medium=listings,"32.87803825747974, -117.22552130141742"
 CA, CASF-TX1,University of California San Francisco Medical Center, CASF-TX1 University of California San Francisco Medical Center,"505 Parnassus Ave, San Francisco, CA 94143",https://www.ucsfhealth.org/,"37.76307,-122.45740267680621"
 CA, CASG-TX1,Sutter Medical Center Sacramento, CASG-TX1 Sutter Medical Center Sacramento,"2825 Capitol Ave, Sacramento, CA 95816",http://www.sutterhealth.org/,"38.571524499999995,-121.46873271472235"
 CA, CASH-TX1,Sharp Memorial Hospital, CASH-TX1 Sharp Memorial Hospital,"7901 Frost St, San Diego, CA 92123",https://www.sharp.com/hospitals/memorial/?utm_source=google&utm_medium=organic&utm_campaign=yext,"32.79969815,-117.15435353818233"
 CA, CASJ-TX1,Saint Joseph Hospital, CASJ-TX1 Saint Joseph Hospital,"1100 W Stewart Dr, Orange, CA 92868",https://www.providence.org/locations/st-joseph-hospital-orange?y_source=1_MTUzNTQ1MTYtNzE1LWxvY2F0aW9uLmdvb2dsZV93ZWJzaXRlX292ZXJyaWRl#llaid=2509,"33.78213355,-117.86402636297188"
 CA, CASM-TX1,University of California Davis Medical Center, CASM-TX1 University of California Davis Medical Center,"2315 Stockton Blvd, Sacramento, CA 95817",http://www.ucdmc.ucdavis.edu/medicalcenter/,"38.5526924,-121.45179003143164"
 CA, CASU-TX1,Stanford Health Care, CASU-TX1 Stanford Health Care,"6475 Camden Ave, San Jose, CA 95120",https://stanfordhealthcare.org/,"37.220664,-121.865107"
 CA, CASV-TX1,St. Vincent Medical Center, CASV-TX1 St. Vincent Medical Center,"201 S Alvarado St # 311, Los Angeles, CA 90057",https://stvincent.verity.org/,"34.063823,-118.272234"
 CA, CAUC-TX1,University of California at Los Angeles Medical Center, CAUC-TX1 University of California at Los Angeles Medical Center,"757 Westwood Plaza, Los Angeles, CA 90095",https://www.uclahealth.org/reagan?utm_source=google&utm_medium=Yext,"34.0664646,-118.4465072643477"
 CA, CAUH-TX1,Keck Hospital of USC, CAUH-TX1 Keck Hospital of USC,"1500 San Pablo St, Los Angeles, CA 90033",https://www.keckmedicine.org/about-keck-medicine/keck-hospital-of-usc/,"34.0627257,-118.20188823929675"
 CA, CAWM-TX1,Western Medical Center, CAWM-TX1 Western Medical Center,"3033 W Orange Ave, Anaheim, CA 92804",http://www.westanaheimmedctr.com/,"33.82562935,-117.99514038284622"
 CO, COCH-TX1,Children's Hospital Colorado, COCH-TX1 Children's Hospital Colorado,"13123 E 16th Ave, Aurora, CO 80045",https://www.childrenscolorado.org/locations/anschutz-medical-campus-aurora/?utm_source=google&utm_medium=local&utm_campaign=localmaps&utm_content=100,"39.7422167,-104.83615269377671"
 CO, COMH-TX1,Memorial Hospital, COMH-TX1 Memorial Hospital,"4050 Briargate Pkwy, Colorado Springs, CO 80920",https://www.uchealth.org/locations/uchealth-memorial-hospital-north/,"38.9678136,-104.75410629195909"
 CO, COPM-TX1,Centura Transplant, COPM-TX1 Centura Transplant,"2525 S Downing St, Denver, CO 80210",https://www.centura.org/locations/centura-transplant?utm_source=yext&utm_medium=organic_google&utm_term=TRANSPLANT_CENTER_AT_PORTER&utm_content=facilities_landing_page,"39.6699704,-104.97588317820552"
 CO, COSL-TX1,Presbyterian/St Luke's Medical Center, COSL-TX1 Presbyterian/St Luke's Medical Center,"1719 E 19th Ave, Denver, CO 80218",https://healthonecares.com/locations/presbyterian-st-lukes?utm_campaign=corp_listings_mgmt&utm_source=google&utm_medium=business_listing,"39.74715715000001,-104.96709668893541"
 CO, COUC-TX1,University of Colorado Hospital/Health Science Center, COUC-TX1 University of Colorado Hospital/Health Science Center,"1620 N Gaylord St #1207, Denver, CO 80206",http://www.cuanschutz.edu/,"39.742020692847284,-104.96090366620797"
 CT, CTHH-TX1,Hartford Hospital, CTHH-TX1 Hartford Hospital,"80 Seymour St, Hartford, CT 06106",https://hartfordhospital.org/,"41.7544777,-72.6796497"
 CT, CTYN-TX1,Yale New Haven Hospital, CTYN-TX1 Yale New Haven Hospital,"20 York St, New Haven, CT 06510",https://www.ynhh.org/locations/new-haven-20-york-street.aspx,"41.3046035,-72.93559409819855"
 DC, DCCH-TX1,Children's National Medical Center, DCCH-TX1 Children's National Medical Center,"111 Michigan Ave NW, Washington, DC 20010",https://childrensnational.org/,"38.927020999999996,-77.01397879086224"
 DC, DCGU-TX1,Medstar Georgetown Transplant Institute, DCGU-TX1 Medstar Georgetown Transplant Institute,"2629 Riva Rd Suite 110, Annapolis, MD 21401",http://www.medstargeorgetown.org/,"38.9499688,-76.5877747"
 DC, DCGW-TX1,George Washington University Hospital, DCGW-TX1 George Washington University Hospital,"900 23rd St NW, Washington, DC 20037",https://www.gwhospital.com/?utm_source=google-business&utm_medium=organic&utm_campaign=homepage,"38.9014106,-77.05060019254144"
 DC, DCHU-TX1,Howard University Hospital, DCHU-TX1 Howard University Hospital,"2041 Georgia Ave NW, Washington, DC 20060",http://huhealthcare.com/,"38.91783385,-77.0201005008513"
 DC, DCWH-TX1,Washington Hospital Center, DCWH-TX1 Washington Hospital Center,"110 Irving St NW, Washington, DC 20010",http://www.medstarwashington.org/,"38.9287492,-77.01476928297282"
 DC, DCWR-TX1,Walter Reed National Military Medical Center at Bethesda, DCWR-TX1 Walter Reed National Military Medical Center at Bethesda,"4494 Palmer Rd N, Bethesda, MD 20814",https://tricare.mil/mtf/Walterreed,"39.0037945,-77.0934061"
 DE, DEAI-TX1,Alfred I duPont Hospital for Children, DEAI-TX1 Alfred I duPont Hospital for Children,"1600 Rockland Rd, Wilmington, DE 19803",https://www.nemours.org/locations/wilmington-ai-dupont-childrens-hospital.html?utm_source=GMB&utm_medium=Yext&utm_content=OS2150806010100&external_id=OS2150806010100,"39.779725049999996,-75.55504102199691"
 DE, DECC-TX1,Christiana Care Health Services, DECC-TX1 Christiana Care Health Services,"501 W 14th St #3170, Wilmington, DE 19801",https://christianacare.org/,"39.75072720833334,-75.549574625"
 FL, FLAC-TX1,Johns Hopkins All Children's Hospital, FLAC-TX1 Johns Hopkins All Children's Hospital,"501 6th Ave S, St. Petersburg, FL 33701",https://www.hopkinsallchildrens.org/,"27.76496205,-82.64059775080256"
 FL, FLBC-TX1,Broward Health Medical Center, FLBC-TX1 Broward Health Medical Center,"1600 S Andrews Ave, Fort Lauderdale, FL 33316",https://www.browardhealth.org/,"26.102730299999997,-80.14116661838256"
 FL, FLBF-TX1,Bert Fish Medical Center, FLBF-TX1 Bert Fish Medical Center,"600 Palmetto St, New Smyrna Beach, FL 32168",,"29.019669,-80.922335"
 FL, FLCC-TX1,Cleveland Clinic Florida Weston, FLCC-TX1 Cleveland Clinic Florida Weston,"1825 N Corporate Lakes Blvd, Weston, FL 33326",https://my.clevelandclinic.org/locations/directions/203-cleveland-clinic-florida,"26.09598124725854,-80.36910924274085"
 FL, FLFH-TX1,AdventHealth Orlando, FLFH-TX1 AdventHealth Orlando,"601 E Rollins St Suite 400, Orlando, FL 32803",https://www.adventhealth.com/hospital/adventhealth-orlando,"28.5735429,-81.3692095"
 FL, FLFR-TX1,Gulf Coast Medical Center, FLFR-TX1 Gulf Coast Medical Center,"449 W 23rd St, Panama City, FL 32405",http://gcmc-pc.com/?utm_campaign=corp_listings_mgmt&utm_source=google&utm_medium=business_listing,"30.1870842,-85.66501823121078"
 FL, FLHM-TX1,Halifax Medical Center, FLHM-TX1 Halifax Medical Center,"303 N Clyde Morris Blvd, Daytona Beach, FL 32114",https://bit.ly/medical-center-daytona,"29.20140485,-81.05413869094227"
 FL, FLJD-TX1,Memorial Regional Hospital/Joe DiMaggio Children's Hospital, FLJD-TX1 Memorial Regional Hospital/Joe DiMaggio Children's Hospital,"1005 Joe DiMaggio Dr, Hollywood, FL 33021",http://pccsf.com/,"26.01859356418459, -80.17942691795078"
 FL, FLJM-TX1,Jackson Memorial Hospital University of Miami School of Medicine, FLJM-TX1 Jackson Memorial Hospital University of Miami School of Medicine,"1695 NW 9th Ave #2303, Miami, FL 33136",http://med.miami.edu/,"25.791348,-80.209851"
 FL, FLJT-TX1,Shands Jacksonville, FLJT-TX1 Shands Jacksonville,"655 8th St W, Jacksonville, FL 32209",https://ufhealthjax.org/,"30.348668713488333, -81.66414913042826"
 FL, FLLM-TX1,Largo Medical Center, FLLM-TX1 Largo Medical Center,"201 14th St SW, Largo, FL 33770",http://largomedical.com/?utm_campaign=corp_listings_mgmt&utm_source=google&utm_medium=business_listing,"27.914858393324025,-82.802742"
 FL, FLMC-TX1,Miami Childrens Hospital, FLMC-TX1 Miami Childrens Hospital,"3100 SW 62nd Ave, Miami, FL 33155",http://www.mch.com/page/EN/249/Medical-Services/Dermatology.aspx,"25.74115405,-80.29451088886346"
 FL, FLMR-TX1,Memorial Regional Hospital, FLMR-TX1 Memorial Regional Hospital,"3501 Johnson St, Hollywood, FL 33021",https://www.mhs.net/locations/memorial-regional?utm_source=gmb&utm_medium=organic&utm_campaign=hospital_locations&utm_content=mrh,"26.01958385,-80.17993680948575"
 FL, FLSH-TX1,Ascension Sacred Heart Pensacola, FLSH-TX1 Ascension Sacred Heart Pensacola,"5151 N 9th Ave, Pensacola, FL 32504",https://healthcare.ascension.org/Locations/Florida/FLPEN/Pensacola-Ascension-Sacred-Heart-Pensacola?utm_campaign=gmb-website&utm_medium=organic&utm_source=google,"30.4777724,-87.21136549065025"
 FL, FLSJ-TX1,St Josephs Hospital, FLSJ-TX1 St Josephs Hospital,"4211 Van Dyke Rd, Lutz, FL 33558",https://www.baycare.org/locations/s/st-josephs-hospitalnorth--diabetes-education,"28.1277554,-82.4881384"
 FL, FLSL-TX1,Mayo Clinic Florida, FLSL-TX1 Mayo Clinic Florida,"4500 San Pablo Rd S, Jacksonville, FL 32224",http://www.mayoclinic.org/patient-visitor-guide/florida/campus-buildings-maps/mayo-building-hospital?mc_id=us&utm_source=yext&utm_medium=l&utm_content=feature&utm_campaign=mayoclinic&geo=national&placementsite=enterprise&invsrc=other&cauid=102372,"30.2859794,-81.4375798"
 FL, FLTG-TX1,Tampa General Hospital, FLTG-TX1 Tampa General Hospital,"1 Tampa General Cir, Tampa, FL 33606",https://www.tgh.org/?utm_source=ExtNet&utm_medium=Yext,"27.9375006,-82.45889586502793"
 FL, FLTO-TX1,Tallahassee Memorial Hospital, FLTO-TX1 Tallahassee Memorial Hospital,"1300 Miccosukee Rd, Tallahassee, FL 32308",https://www.tmh.org/,"30.457571350000002,-84.26103821261236"
 FL, FLUF-TX1,UF Health Shands Hospital, FLUF-TX1 UF Health Shands Hospital,"1515 SW Archer Rd, Gainesville, FL 32608",https://ufhealth.org/shands-university-florida,"29.638905604303847, -82.34237223360014"
 FL, FLUM-TX1,University Medical Center, FLUM-TX1 University Medical Center,"1600 SW Archer Rd, Gainesville, FL 32610",https://ufhealth.org/uf-health-shands-hospital,"29.6390372,-82.3450961"
 GA, GAEH-TX1,Children's Healthcare of Atlanta at Egleston, GAEH-TX1 Children's Healthcare of Atlanta at Egleston,"1405 Clifton Rd NE, Atlanta, GA 30322",https://www.choa.org/egleston?cid=20806_na1_ch-Yx_na3_na4_na5,"33.7689292,-84.33302"
 GA, GAEM-TX1,Emory University Hospital, GAEM-TX1 Emory University Hospital,"1364 E Clifton Rd NE, Atlanta, GA 30322",https://www.emoryhealthcare.org/locations/hospitals/emory-university-hospital/index.html?hcmacid=a0Z1P00000GmrDb&utm_campaign=locations_fy21&utm_source=gmb&utm_medium=referral&utm_content=gmb_locations,"33.7689292,-84.33302"
 GA, GAMC-TX1,"AU Medical Center, Inc."," GAMC-TX1 AU Medical Center, Inc.","1120 15th St, Augusta, GA 30912",http://www.augustahealth.org/,"33.471100050000004,-81.98981674626567"
 GA, GAPH-TX1,Piedmont Hospital, GAPH-TX1 Piedmont Hospital,"1968 Peachtree Rd NW, Atlanta, GA 30309",https://www.piedmont.org/locations/piedmont-atlanta/pah-home?utm_source=directorylisting&utm_medium=seo&utm_campaign=10223&y_source=1_MTI5OTY4MzYtNzE1LWxvY2F0aW9uLmdvb2dsZV93ZWJzaXRlX292ZXJyaWRl,"33.8085541110238,-84.3936393640934"
 GA, GASJ-TX1,Saint Joseph's Hospital of Atlanta, GASJ-TX1 Saint Joseph's Hospital of Atlanta,"5665 Peachtree Dunwoody Rd, Atlanta, GA 30342",https://www.emoryhealthcare.org/locations/hospitals/emory-saint-josephs-hospital/index.html?hcmacid=a0Z1P00000GmrDb&utm_campaign=locations_fy21&utm_source=gmb&utm_medium=referral&utm_content=gmb_locations,"33.8553449,-84.3579913"
 GA, GAUH-TX1,University Hospital, GAUH-TX1 University Hospital,"1350 Walton Way, Augusta, GA 30901",http://www.universityhealth.org/,"33.47126795,-81.98237338609431"
 HI, HIQM-TX1,The Queen's Medical Center, HIQM-TX1 The Queen's Medical Center,"1301 Punchbowl St, Honolulu, HI 96813",http://www.queensmedicalcenter.org/,"21.3081127,-157.85409311406147"
 HI, HISF-TX1,Hawaii Medical Center East, HISF-TX1 Hawaii Medical Center East,"850 W Hind Dr, Honolulu, HI 96821",https://www.easthawaiihealthclinics.org/,"21.278818066099387,-157.7552982442431"
 IA, IAIM-TX1,Iowa Methodist Medical Center, IAIM-TX1 Iowa Methodist Medical Center,"1215 Pleasant St UNIT 206, Des Moines, IA 50309",https://www.unitypoint.org/desmoines/clinic.aspx?id=886?utm_source=gmb&utm_medium=web&utm_campaign=brandify,"41.58966055,-93.63491609469104"
 IA, IAIV-TX1,University of Iowa Hospitals and Clinics Transplant Programs, IAIV-TX1 University of Iowa Hospitals and Clinics Transplant Programs,"200 Hawkins Dr, Iowa City, IA 52242",https://uihc.org/,"41.658465199999995,-91.54927146883148"
 IA, IAMH-TX1,MercyOne Des Moines Transplant Center, IAMH-TX1 MercyOne Des Moines Transplant Center,"East Tower, 1111 6th Ave, Des Moines, IA 50314",https://www.mercyone.org/desmoines/location/mercyone-des-moines-medical-center-1,"41.59857925,-93.62277407706542"
 IA, IAVA-TX1,The Iowa City VA Health Care System, IAVA-TX1 The Iowa City VA Health Care System,"601 US-6 W, Iowa City, IA 52246",http://www.iowacity.va.gov/,"41.6642319,-91.5489717"
 IL, ILCH-TX1,Advocate Christ Medical Center, ILCH-TX1 Advocate Christ Medical Center,"4440 W 95th St, Oak Lawn, IL 60453",http://locations.advocatehealth.com,"41.7235705,-87.732089"
 IL, ILCM-TX1,Ann & Robert H. Lurie Children's Hospital of Chicago, ILCM-TX1 Ann & Robert H. Lurie Children's Hospital of Chicago,"225 E Chicago Ave, Chicago, IL 60611",https://www.luriechildrens.org/,"41.89624405,-87.62183140068906"
 IL, ILEH-TX1,Evanston Hospital, ILEH-TX1 Evanston Hospital,"2650 Ridge Ave, Evanston, IL 60201",http://www.northshore.org/,"42.066131999999996,-87.68429042105146"
 IL, ILLU-TX1,Loyola University Medical Center, ILLU-TX1 Loyola University Medical Center,"2160 S 1st Ave, Maywood, IL 60153",https://www.loyolamedicine.org/locations/loyola-university-medical-center,"41.86517832242395,-87.83349118185815"
 IL, ILLU-VA1,Hines Veterans Administration Medical Center, ILLU-VA1 Hines Veterans Administration Medical Center,"5000 5th Ave, Hines, IL 60141",https://www.hines.va.gov/,"41.8579494,-87.8370827"
 IL, ILMM-TX1,Memorial Medical Center, ILMM-TX1 Memorial Medical Center,"701 N 1st St, Springfield, IL 62781",https://www.memorialmedical.com/,"39.81015825,-89.65455093133602"
 IL, ILNM-TX1,Northwestern Memorial Hospital, ILNM-TX1 Northwestern Memorial Hospital,"251 E Huron St, Chicago, IL 60611",https://www.nm.org/locations/northwestern-memorial-hospital?utm_source=yext&utm_medium=gmb+location&utm_campaign=online+listings&y_source=1_ODIyOTk0Ny03MTUtbG9jYXRpb24uZ29vZ2xlX3dlYnNpdGVfb3ZlcnJpZGU%3D,"41.894981349999995,-87.6215362422612"
 IL, ILPL-TX1,Rush University Medical Center, ILPL-TX1 Rush University Medical Center,"1620 W Harrison St, Chicago, IL 60612",https://www.rush.edu/schedule-appointments-online-anytime-anywhere?utm_source=listing&utm_medium=organic&utm_campaign=yext&y_source=1_ODc5MzM1Ni03MTUtbG9jYXRpb24ucmVzZXJ2YXRpb25fdXJs,"41.8738892,-87.6861602"
 IL, ILSF-TX1,OSF Saint Francis Medical Center, ILSF-TX1 OSF Saint Francis Medical Center,"530 NE Glen Oak Ave, Peoria, IL 61637",https://www.osfhealthcare.org/saint-francis/,"40.7023663,-89.58998457331252"
 IL, ILSJ-TX1,St. Johns Hospital, ILSJ-TX1 St. Johns Hospital,"800 E Carpenter St, Springfield, IL 62769",https://www.st-johns.org/,"39.8054159,-89.64490006253314"
 IL, ILUC-TX1,University of Chicago Medical Center, ILUC-TX1 University of Chicago Medical Center,"5841 S Maryland Ave, Chicago, IL 60637",https://www.uchicagomedicine.org/,"41.7883423,-87.6045824"
 IL, ILUI-TX1,University of Illinois Medical Center, ILUI-TX1 University of Illinois Medical Center,"1740 W Taylor St, Chicago, IL 60612",https://hospital.uillinois.edu/,"41.86969555,-87.67051716128074"
 IL, ILVA-TX1,Edward Hines Jr. Veterans Administration Medical Center, ILVA-TX1 Edward Hines Jr. Veterans Administration Medical Center,"5000 5th Ave, Hines, IL 60141",http://www.hines.va.gov/,"41.8579494,-87.8370827"
 IN, INIM-TX1,Indiana University Health, INIM-TX1 Indiana University Health,"3777 Frontage Rd, Michigan City, IN 46360",https://iuhealth.org/,"46.381339,-86.617661"
 IN, INIU-TX1,Indiana University Medical Center, INIU-TX1 Indiana University Medical Center,"355 W 16th St, Indianapolis, IN 46202",http://iuhealth.org/,"39.7879275,-86.1648091"
 IN, INLH-TX1,Lutheran Hospital of Fort Wayne, INLH-TX1 Lutheran Hospital of Fort Wayne,"7950 W Jefferson Blvd, Fort Wayne, IN 46804",https://www.lutheranhospital.com/emergency-department?utm_campaign=gmb-website&utm_medium=organic&utm_source=google,"41.0389971,-85.2497134664708"
 IN, INSV-TX1,Ascension St. Vincent Hospital, INSV-TX1 Ascension St. Vincent Hospital,"2001 W 86th St, Indianapolis, IN 46260",https://healthcare.ascension.org/locations/indiana/ineva/indianapolis-ascension-st-vincent-hospital-indianapolis-emergency?utm_campaign=gmb-website&utm_medium=organic&utm_source=google,"39.90614815,-86.19743985963055"
 KS, KSFW-TX1,"Via Christi Hospitals Wichita, Inc."," KSFW-TX1 Via Christi Hospitals Wichita, Inc.","Wichita, KS 67218",https://www.viachristi.org/location/via-christi-hospital-st-francis,"37.6922361,-97.3375448"
 KS, KSUK-TX1,University of Kansas Hospital, KSUK-TX1 University of Kansas Hospital,"4000 Cambridge St, Kansas City, KS 66160",https://www.kansashealthsystem.com/?utm_source=local&utm_medium=organic&utm_campaign=gmb,"39.0559267,-94.60903320003007"
 KY, KYHH-TX1,Columbia Audubon Hospital, KYHH-TX1 Columbia Audubon Hospital,"One Audubon Plaza Dr, Louisville, KY 40217",https://nortonaudubonhospital.com/,"38.2141911,-85.7221415"
 KY, KYJH-TX1,Jewish Hospital, KYJH-TX1 Jewish Hospital,"200 Abraham Flexner Way, Louisville, KY 40202",https://www.uoflhealthnetwork.org/uofl-health-jewish-hospital?utm_campaign=location+lbl&utm_medium=organic&utm_source=google,"38.2513027,-85.7489155"
 KY, KYKC-TX1,Norton Children's Hospital, KYKC-TX1 Norton Children's Hospital,"231 E Chestnut St, Louisville, KY 40202",https://nortonchildrens.com/,"38.24844765,-85.74973678836133"
 KY, KYUK-TX1,University of Kentucky Medical Center, KYUK-TX1 University of Kentucky Medical Center,"1000 S Limestone, Lexington, KY 40536",https://ukhealthcare.uky.edu/?utm_campaign=website-link&utm_medium=organic&utm_source=local-listing,"38.0310772,-84.5093899"
 LA, LACH-TX1,Children's Hospital, LACH-TX1 Children's Hospital,"800 Rose Street Fourth Floor, Lexington, KY 40536",https://ukhealthcare.uky.edu/kentucky-childrens-hospital?utm_campaign=website-link&utm_medium=organic&utm_source=local-listing,"38.032772,-84.506765"
 LA, LAMC-TX1,University Medical Center, LAMC-TX1 University Medical Center,"800 Rose Street MN 150, Lexington, KY 40506",http://med.uky.edu/,"38.032772,-84.506765"
 LA, LANO-TX1,University Hospital /Louisiana State University School of Medicine, LANO-TX1 University Hospital /Louisiana State University School of Medicine,"Skip Bertman Dr, Baton Rouge, LA 70803",http://www.lsu.edu/vetmed,"30.4119229,-91.1907324"
 LA, LAOF-TX1,Ochsner Foundation Hospital, LAOF-TX1 Ochsner Foundation Hospital,"1514 Jefferson Highway New Orleans, LA 70121",https://www.ochsner.org/,"29.964975,-90.134399"
 LA, LASB-TX1,Lindy Boggs Medical Center, LASB-TX1 Lindy Boggs Medical Center,"Bienville St, New Orleans, LA 70119",,"29.9791912,-90.1035565"
 LA, LASM-TX1,Schumpert Health System, LASM-TX1 Schumpert Health System,"1 St Mary Pl, Shreveport, LA 71101",http://christushealthsb.org/,"32.493974,-93.751014"
 LA, LASU-TX1,Louisiana State University Medical Center Shreveport, LASU-TX1 Louisiana State University Medical Center Shreveport,"1501 Kings Hwy, Shreveport, LA 71103",http://www.lsuhscshreveport.edu/,"32.481655566840146,-93.76080435843033"
 LA, LATU-TX1,Tulane Medical Center, LATU-TX1 Tulane Medical Center,"1415 Tulane Ave, New Orleans, LA 70112",http://tulanehealthcare.com/?utm_campaign=corp_listings_mgmt&utm_source=google&utm_medium=business_listing,"29.9558617,-90.07629324778735"
 LA, LAWK-TX1,Willis-Knighton Medical Center, LAWK-TX1 Willis-Knighton Medical Center,"2600 Greenwood Rd, Shreveport, LA 71103",http://www.wkhs.com/Locations/MedicalCenter,"32.48491885,-93.77870669427526"
 MA, MABI-TX1,Beth Israel Deaconess Medical Center, MABI-TX1 Beth Israel Deaconess Medical Center,"330 Brookline Ave, Boston, MA 02215",https://www.bidmc.org/,"42.3397554,-71.10492182209876"
 MA, MABS-TX1,Baystate Medical Center, MABS-TX1 Baystate Medical Center,"759 Chestnut St, Springfield, MA 01199",https://www.baystatehealth.org/locations/baystate-medical-center?utm_source=gmb&utm_medium=web&utm_campaign=brandify,"42.121522049999996,-72.60300615153007"
 MA, MABU-TX1,Boston Medical Center, MABU-TX1 Boston Medical Center,"One Boston Medical Center Pl, Boston, MA 02118",http://www.bmc.org/?utm_campaign=yextbuilding&utm_source=building_listing&utm_medium=yext,"42.33417195,-71.07464492068902"
 MA, MABV-TX1,Boston Veterans Administration Medical Center, MABV-TX1 Boston Veterans Administration Medical Center,"150 S Huntington Ave, Boston, MA 02130",http://www.va.gov/,"42.32677425,-71.10999242590032"
 MA, MACH-TX1,Boston Children's Hospital, MACH-TX1 Boston Children's Hospital,"300 Longwood Ave, Boston, MA 02115",https://www.bostonchildrens.org/,"42.3366778,-71.10505184127022"
 MA, MAHS-TX1,Beth Israel Deaconess Medical Center West Campus, MAHS-TX1 Beth Israel Deaconess Medical Center West Campus,"110 Francis St, Boston, MA 02115",https://www.bidmc.org/,"42.33706971428571,-71.1095956122449"
 MA, MALC-TX1,Lahey Clinic Medical Center, MALC-TX1 Lahey Clinic Medical Center,"41 Burlington Mall Road, Burlington, MA 01805",https://www.lahey.org/,"42.48464385,-71.2042248992141"
 MA, MAMG-TX1,Massachusetts General Hospital, MAMG-TX1 Massachusetts General Hospital,"55 Fruit St, Boston, MA 02114",http://www.massgeneral.org/,"42.36286045,-71.06875296664998"
 MA, MANM-TX1,Tufts Medical Center, MANM-TX1 Tufts Medical Center,"800 Washington St, Boston, MA 02111",https://www.tuftsmedicalcenter.org/About-Us/Locations-and-Directions,"42.349439700000005,-71.06308467518953"
 MA, MAPB-TX1,Brigham and Women's Hospital, MAPB-TX1 Brigham and Women's Hospital,"75 Francis St, Boston, MA 02115",https://www.brighamandwomens.org/,"42.335679999999996,-71.1060436296658"
 MA, MAUM-TX1,UMass Memorial Medical Center, MAUM-TX1 UMass Memorial Medical Center,"26 Queen St, Worcester, MA 01610",http://umassmemorial.org/,"42.25930925,-71.81495236956468"
 MD, MDBC-TX1,Johns Hopkins Bayview Medical Center, MDBC-TX1 Johns Hopkins Bayview Medical Center,"4940 Eastern Ave, Baltimore, MD 21224",https://www.hopkinsmedicine.org/johns_hopkins_bayview/?utm_source=ExtendedNetwork&utm_medium=Organic&utm_campaign=Yext&utm_content=FAD&utm_keyword=BAY,"39.29121285,-76.5490695530589"
 MD, MDJH-TX1,Johns Hopkins Hospital, MDJH-TX1 Johns Hopkins Hospital,"1800 Orleans St, Baltimore, MD 21287",https://www.hopkinsmedicine.org/the_johns_hopkins_hospital/,"39.296439199999995,-76.59239403267401"
 MD, MDNI-TX1,Warren Grant Magnuson Clinical Center/National Institutes of Health, MDNI-TX1 Warren Grant Magnuson Clinical Center/National Institutes of Health,"10 Center Dr, Bethesda, MD 20892",https://www.nih.gov/,"39.0016448,-77.10454223658931"
 MD, MDSG-TX1,Shady Grove Adventist Hospital, MDSG-TX1 Shady Grove Adventist Hospital,"9901 Medical Center Dr, Rockville, MD 20850",https://www.adventisthealthcare.com/locations/profile/shady-grove-medical-center/?utm_campaign=website-link&utm_medium=organic&utm_source=local-listing,"39.098459500000004,-77.19855818721848"
 MD, MDUM-TX1,University of Maryland Medical System, MDUM-TX1 University of Maryland Medical System,"250 W Pratt St, Baltimore, MD 21201",https://www.umms.org/?utm_campaign=website-link&utm_medium=organic&utm_source=local-listing,"39.28673275,-76.6187592458765"
 ME, MEMC-TX1,Maine Medical Center, MEMC-TX1 Maine Medical Center,"22 Bramhall St, Portland, ME 04102",https://mainehealth.org/maine-medical-center?utm_source=google&utm_medium=local,"43.6531775,-70.27625454009248"
 MI, MIBH-TX1,William Beaumont Hospital, MIBH-TX1 William Beaumont Hospital,"Medical Office Building, 3535 W 13 Mile Rd #742, Royal Oak, MI 48073",http://www.moimd.com/,"42.51564985,-83.19053090805514"
 MI, MICH-TX1,Children's Hospital of Michigan, MICH-TX1 Children's Hospital of Michigan,"3950 Beaubien Blvd, Detroit, MI 48201",https://www.childrensdmc.org/location/detail/childrens-hospital-of-michigan-specialty-center-detroit,"42.3523952935575, -83.05442835306584"
 MI, MIDV-TX1,Helen DeVos Children's Hospital, MIDV-TX1 Helen DeVos Children's Hospital,"100 Michigan St NE, Grand Rapids, MI 49503",https://www.spectrumhealth.org/locations/spectrum-health-hospitals-helen-devos-childrens-hospital,"42.96930065,-85.66464272860509"
 MI, MIHF-TX1,Henry Ford Hospital, MIHF-TX1 Henry Ford Hospital,"2799 W Grand Blvd, Detroit, MI 48202",https://www.henryford.com/locations/henry-ford-hospital?utm_campaign=website-link&utm_medium=organic&utm_source=local-listing,"42.36764305,-83.08537549754047"
 MI, MIHH-TX1,Harper University Hospital Detroit Medical Center, MIHH-TX1 Harper University Hospital Detroit Medical Center,"3990 John R St, Detroit, MI 48201",https://www.dmc.org/locations/detail/dmc-harper-university-hospital,"42.351745949999994,-83.05630275529361"
 MI, MIHM-TX1,Hurley Medical Center, MIHM-TX1 Hurley Medical Center,"1 Hurley Plaza, Flint, MI 48503",http://www.hurleymc.com/,"43.02139551230628, -83.70364661473381"
 MI, MIKZ-TX1,Borgess Medical Center, MIKZ-TX1 Borgess Medical Center,"1521 Gull Rd, Kalamazoo, MI 49048",https://healthcare.ascension.org/Locations/Michigan/MIKAL/Kalamazoo-Ascension-Borgess-Hospital?utm_campaign=gmb-website&utm_medium=organic&utm_source=google,"42.30783985,-85.55981793522058"
 MI, MIMC-TX1,Grace Hospital, MIMC-TX1 Grace Hospital,"2725 Airview Blvd #101, Portage, MI 49002",https://ghospice.com/,"42.24191284848485,-85.55772381818181"
 MI, MISH-TX1,Spectrum Health, MISH-TX1 Spectrum Health,"100 Michigan St NE, Grand Rapids, MI 49503",https://www.spectrumhealth.org/locations/spectrum-health-hospitals-butterworth-hospital,"42.96930065,-85.66464272860509"
 MI, MISJ-TX1,Ascension St. John Hospital, MISJ-TX1 Ascension St. John Hospital,"22101 Moross Rd, Detroit, MI 48236",https://healthcare.ascension.org/Locations/Michigan/MIDET/Detroit-Ascension-St-John-Hospital?utm_campaign=gmb-website&utm_medium=organic&utm_source=google,"42.41947195,-82.91322986540166"
 MI, MISM-TX1,Mercy Health Saint Mary’s, MISM-TX1 Mercy Health Saint Mary’s,"200 Jefferson Ave SE, Grand Rapids, MI 49503",https://www.mercyhealth.com/location/20_Mercy_Health_Saint_Marys,"42.95837285,-85.66280337054312"
 MI, MIUM-TX1,University of Michigan Medical Center, MIUM-TX1 University of Michigan Medical Center,"1500 E Medical Center Dr, Ann Arbor, MI 48109",http://www.uofmhealth.org/,"42.2820788,-83.7273149945068"
 MN, MNAC-TX1,Univ of MN Amplatz Children's Hosp, MNAC-TX1 Univ of MN Amplatz Children's Hosp,"2450 Riverside Ave, Minneapolis, MN 55454",https://www.mhealth.org/childrens,"44.9668321,-93.2370725"
 MN, MNAN-TX1,Abbott Northwestern Hospital, MNAN-TX1 Abbott Northwestern Hospital,"800 E 28th St, Minneapolis, MN 55407",https://www.allinahealth.org/Abbott-Northwestern-Hospital/?utm_source=gmb&utm_medium=organic&utm_content=web-url&utm_campaign=gmb_website&utm_term=abbott_northwestern,"44.9540508,-93.26133432727019"
 MN, MNCM-TX1,Children's Minnesota, MNCM-TX1 Children's Minnesota,"2525 Chicago Ave, Minneapolis, MN 55404",https://www.childrensmn.org/locations/minneapolis/?utm_source=local%20seo&utm_medium=local%20citation&utm_campaign=minneapolis%20hospital,"44.9627811,-93.2632313"
 MN, MNHC-TX1,Hennepin County Medical Center, MNHC-TX1 Hennepin County Medical Center,"730 S 8th St, Minneapolis, MN 55415",http://www.hennepinhealthcare.org/,"44.971829,-93.2626799"
 MN, MNMC-TX1,Rochester Methodist Hospital (Mayo Clinic), MNMC-TX1 Rochester Methodist Hospital (Mayo Clinic),"201 W Center St, Rochester, MN 55902",https://mayocl.in/2Rshw2c,"44.0234944,-92.4672059"
 MN, MNMM-TX1,Metropolitan Mount Sinai Medical Center, MNMM-TX1 Metropolitan Mount Sinai Medical Center,"2215 Park Ave, Minneapolis, MN 55404",,"44.9628348,-93.2649064"
 MN, MNMV-TX1,Veterans Administration Medical Center Minneapolis, MNMV-TX1 Veterans Administration Medical Center Minneapolis,"1 Veterans Dr, Minneapolis, MN 55417",http://www.minneapolis.va.gov/,"44.90181035,-93.20579906118334"
 MN, MNSM-TX1,Saint Marys Hospital (Mayo Clinic), MNSM-TX1 Saint Marys Hospital (Mayo Clinic),"1216 2nd St SW, Rochester, MN 55902",https://mayocl.in/34YofF3,"44.0192805,-92.48098329185454"
 MN, MNUM-TX1,"University of Minnesota Medical Center, Fairview"," MNUM-TX1 University of Minnesota Medical Center, Fairview","500 SE Harvard St, Minneapolis, MN 55455",https://www.mhealth.org/locations/buildings/east-bank-hospital-ummc,"44.97101265,-93.23144466768856"
 MO, MOBH-TX1,Barnes-Jewish Hospital, MOBH-TX1 Barnes-Jewish Hospital,"1 Barnes Jewish Hospital Plaza, St. Louis, MO 63110",http://www.barnesjewish.org/?utm_medium=organic&utm_source=listing&utm_campaign=bjh,"38.63734255,-90.26432457113503"
 MO, MOCG-TX1,Cardinal Glennon Children's Hospital, MOCG-TX1 Cardinal Glennon Children's Hospital,"1465 S Grand Blvd, St. Louis, MO 63104",https://www.ssmhealth.com/locations/cardinal-glennon-childrens-hospital?utm_id=gmb-stl-11&hgcrm_channel=sms_text&hgcrm_source=healthgrades&hgcrm_agency=client&hgcrm_campaignid=1640&hgcrm_tacticid=2668&hgcrm_trackingsetid=4071,"38.6214405,-90.2392793"
 MO, MOCH-TX1,St. Louis Children's Hospital at Washington University Medical Center, MOCH-TX1 St. Louis Children's Hospital at Washington University Medical Center,"660 S Euclid Ave, St. Louis, MO 63110",https://medicine.wustl.edu/,"38.634578625,-90.26310875"
 MO, MOCM-TX1,Children's Mercy Hospital, MOCM-TX1 Children's Mercy Hospital,"615 S New Ballas Rd, St. Louis, MO 63141",https://www.mercy.net/practice/mercy-childrens-hospital-st-louis/,"38.6454887,-90.4460795385316"
 MO, MOCV-TX1,John Cochran Veterans Administration Hospital, MOCV-TX1 John Cochran Veterans Administration Hospital,"915 N Grand Blvd, St. Louis, MO 63106",http://www.stlouis.va.gov/,"38.64258935,-90.23156818259181"
 MO, MODU-TX1,DePaul Health Center, MODU-TX1 DePaul Health Center,"12303 De Paul Dr, Bridgeton, MO 63044",http://www.ssmhealth.com/,"38.750456192655356, -90.43402297063403"
 MO, MOJM-TX1,St Johns Mercy Medical Center, MOJM-TX1 St Johns Mercy Medical Center,"615 S New Ballas Rd, St. Louis, MO 63141",https://www.mercy.net/practice/mercy-hospital-st-louis?utm_source=google&utm_medium=organic_search&utm_campaign=yext&utm_term=East&utm_content=website&y_source=1_MTI5OTY2MjktNzE1LWxvY2F0aW9uLmdvb2dsZV93ZWJzaXRlX292ZXJyaWRl,"38.6454887,-90.4460795385316"
 MO, MOLH-TX1,St Luke's Hospital of Kansas City, MOLH-TX1 St Luke's Hospital of Kansas City,"4401 Wornall Rd, Kansas City, MO 64111",https://www.saintlukeskc.org/locations/saint-lukes-hospital-kansas-city?utm_campaign=website-link&utm_medium=organic&utm_source=local-listing,"39.046483,-94.590033"
 MO, MOMM-TX1,Menorah Medical Center, MOMM-TX1 Menorah Medical Center,"5721 W 119th St, Overland Park, KS 66209",http://menorahmedicalcenter.com/?utm_campaign=corp_listings_mgmt&utm_source=google&utm_medium=business_listing,"38.91001905,-94.65159693054947"
 MO, MORH-TX1,Research Medical Center, MORH-TX1 Research Medical Center,"2316 E Meyer Blvd, Kansas City, MO 64132",https://researchmedicalcenter.com/,"39.009935049999996,-94.55974787621142"
 MO, MOSJ-TX1,St Johns Regional Medical Center, MOSJ-TX1 St Johns Regional Medical Center,"1600 N Rose Ave, Oxnard, CA 93030",https://locations.dignityhealth.org/emergency-room-st-john's-regional-medical-center?utm_source=LocalSearch&utm_medium=Facility&utm_campaign=CentralCoast&utm_term=St.John%27sRegionalMedicalCenter-EmergencyRoom&y_source=1_ODczNzgyOS03MTUtbG9jYXRpb24ud2Vic2l0ZQ%3D%3D,"34.216721750000005,-119.15617690239208"
 MO, MOSL-TX1,SSM Health Saint Louis University Hospital, MOSL-TX1 SSM Health Saint Louis University Hospital,"1201 S Grand Blvd, St. Louis, MO 63104",https://www.ssmhealth.com/locations/saint-louis-university-hospital?utm_id=gmb-stl-11&hgcrm_channel=sms_text&hgcrm_source=healthgrades&hgcrm_agency=client&hgcrm_campaignid=1640&hgcrm_tacticid=2668&hgcrm_trackingsetid=4071,"38.623991,-90.23754"
 MO, MOUM-TX1,University of Missouri Hospital and Clinics, MOUM-TX1 University of Missouri Hospital and Clinics,"1 Hospital Dr, Columbia, MO 65212",https://www.muhealth.org/locations/university-hospital,"38.93869295,-92.328037303"
 MS, MSUM-TX1,University of Mississippi Medical Center, MSUM-TX1 University of Mississippi Medical Center,"2500 N State St, Jackson, MS 39216",https://www.umc.edu/location.aspx?id=6,"32.32938955,-90.1725205723653"
 NC, NCBG-TX1,Wake Forest Baptist Medical Center, NCBG-TX1 Wake Forest Baptist Medical Center,"1 Medical Center Blvd, Winston-Salem, NC 27157",https://www.wakehealth.edu/,"36.08983775,-80.26771223216093"
 NC, NCCM-TX1,Carolinas Medical Center, NCCM-TX1 Carolinas Medical Center,"1000 Blythe Blvd, Charlotte, NC 28203",https://atriumhealth.org/locations/detail/carolinas-medical-center?utm_campaign=Homepage&utm_source=GMB&utm_medium=organic,"35.20374595,-80.83931376395819"
 NC, NCDU-TX1,Duke University Hospital, NCDU-TX1 Duke University Hospital,"2301 Erwin Rd, Durham, NC 27710",https://www.dukehealth.org/hospitals/duke-university-hospital/home?utm_source=google&utm_medium=organic&utm_campaign=Directory+Management,"36.007021300000005,-78.93734788335824"
 NC, NCDU-VA1,Durham VA Medical Center, NCDU-VA1 Durham VA Medical Center,"508 Fulton St, Durham, NC 27705",https://www.durham.va.gov/visitors/visiting.asp,"36.008899199566116,-78.9373772782703"
 NC, NCEC-TX1,Vidant Medical Center, NCEC-TX1 Vidant Medical Center,"2100 Stantonsburg Rd, Greenville, NC 27834",https://locations.vidanthealth.com/nc/greenville/vidant-medical-center.html,"35.6088096,-77.4067487"
 NC, NCMH-TX1,University of North Carolina Hospitals, NCMH-TX1 University of North Carolina Hospitals,"101 Manning Dr, Chapel Hill, NC 27514",http://www.uncmedicalcenter.org/,"35.9050278,-79.050641782249"
 ND, NDDH-TX1,Dakota Heartland Health System, NDDH-TX1 Dakota Heartland Health System,"2200 Landover Pl, Lynchburg, VA 24501",https://www.heartlandnursing.com/Lynchburg,"37.412614,-79.176519"
 ND, NDMC-TX1,Sanford Bismarck Medical Center, NDMC-TX1 Sanford Bismarck Medical Center,"300 N 7th St, Bismarck, ND 58501",https://www.sanfordhealth.org/locations/sanford-medical-center-bismarck/?y_source=1_MTA2MTkwODQtNzE1LWxvY2F0aW9uLndlYnNpdGU=,"46.80749415,-100.78233470090203"
 ND, NDSL-TX1,Sanford Medical Center Fargo, NDSL-TX1 Sanford Medical Center Fargo,"5225 23rd Ave S, Fargo, ND 58104",https://www.sanfordhealth.org/locations/sanford-medical-center-fargo/?y_source=1_MTA2MTkwODUtNzE1LWxvY2F0aW9uLndlYnNpdGU%3D,"46.8440283,-96.8563217"
 NE, NEBM-TX1,BryanLGH Medical Center East, NEBM-TX1 BryanLGH Medical Center East,"1600 S 48th St, Lincoln, NE 68506",https://www.bryanhealth.com/locations/bryan-east-campus/?utm_campaign=website-link&utm_medium=organic&utm_source=local-listing,"40.7970947,-96.65130529005563"
 NE, NECH-TX1,Children's Hospital & Medical Center, NECH-TX1 Children's Hospital & Medical Center,"8200 Dodge St, Omaha, NE 68114",https://www.childrensomaha.org/location/childrens-hospital/,"41.26082775,-96.04184970418311"
 NE, NECM-TX1,Nebraska Health System Clarkson Hospital, NECM-TX1 Nebraska Health System Clarkson Hospital,"4350 Dewey Ave, Omaha, NE 68105",https://www.nebraskamed.com/nebraska-medical-center,"41.2564888,-95.9779821"
 NE, NESJ-TX1,Saint Joseph Hospital at Creighton University Medical Center, NESJ-TX1 Saint Joseph Hospital at Creighton University Medical Center,"7500 Mercy Rd, Omaha, NE 68124",https://www.chihealth.com/content/chi-health/en/location-search/creighton-bergan.html?utm_source=LocalSearch&utm_medium=Facility&utm_campaign=CHIHealth&utm_term=CHIHealthCreightonUniversityMedicalCenter-BerganMercy&y_source=1_MTQ1MjI5NTktNzE1LWxvY2F0aW9uLndlYnNpdGU%3D,"41.2395005,-96.03112319371702"
 NE, NEUN-TX1,The Nebraska Medical Center, NEUN-TX1 The Nebraska Medical Center,"4350 Dewey Ave, Omaha, NE 68105",https://www.nebraskamed.com/nebraska-medical-center,"41.2564888,-95.9779821"
 NH, NHDH-TX1,Mary Hitchcock Memorial Hospital, NHDH-TX1 Mary Hitchcock Memorial Hospital,"1 Medical Center Dr, Lebanon, NH 03766",http://patients.dartmouth-hitchcock.org/emergency.html,"43.67568425,-72.27010183310576"
 NJ, NJBI-TX1,Newark Beth Israel Medical Center, NJBI-TX1 Newark Beth Israel Medical Center,"201 Lyons Ave, Newark, NJ 07112",http://www.rwjbh.org/newarkbeth,"40.71027275,-74.21258456503452"
 NJ, NJHK-TX1,Hackensack University Medical Center, NJHK-TX1 Hackensack University Medical Center,"30 Prospect Ave, Hackensack, NJ 07601",http://www.hackensackumc.org/,"40.8837051,-74.05594087673457"
 NJ, NJLL-TX1,Virtua Our Lady of Lourdes Hospital, NJLL-TX1 Virtua Our Lady of Lourdes Hospital,"1600 Haddon Ave, Camden, NJ 08103",https://www.virtua.org/locations/hospital-virtua-our-lady-of-lourdes,"39.9269412,-75.09687825717933"
 NJ, NJRW-TX1,Robert Wood Johnson University Hospital, NJRW-TX1 Robert Wood Johnson University Hospital,"1 Robert Wood Johnson Place, New Brunswick, NJ 08901",http://www.rwjbh.org/newbrunswick,"40.495425029352496, -74.44987294118845"
 NJ, NJSB-TX1,Saint Barnabas Medical Center, NJSB-TX1 Saint Barnabas Medical Center,"94 Old Short Hills Rd, Livingston, NJ 07039",http://www.rwjbh.org/saintbarnabas,"40.76346035,-74.30484180476817"
 NJ, NJUH-TX1,University Hospital, NJUH-TX1 University Hospital,"150 Bergen St, Newark, NJ 07103",http://www.uhnj.org/?utm_source=local-listing&utm_medium=organic&utm_campaign=website-link,"40.740043,-74.1892883194263"
 NM, NMAQ-TX1,"University Hospital, University of New Mexico Health Sciences Center"," NMAQ-TX1 University Hospital, University of New Mexico Health Sciences Center","1021 Medical Arts Ave NE, Albuquerque, NM 87102",http://dermatology.unm.edu/,"35.09018721207869,-106.63099278671456"
 NM, NMPH-TX1,Presbyterian Hospital, NMPH-TX1 Presbyterian Hospital,"1100 Central Ave SE, Albuquerque, NM 87106",https://presbyterian-hospital.phs.org/Pages/default.aspx?utm_source=gmb,"35.08092275,-106.63413593865035"
 NV, NVHH-TX1,Sunrise Hospital and Medical Center, NVHH-TX1 Sunrise Hospital and Medical Center,"3186 S Maryland Pkwy, Las Vegas, NV 89109",http://sunrisehospital.com/?utm_campaign=corp_listings_mgmt&utm_source=google&utm_medium=business_listing,"36.1537034,-115.1370957"
 NV, NVUM-TX1,University Medical Center of Southern Nevada, NVUM-TX1 University Medical Center of Southern Nevada,"1800 W Charleston Blvd, Las Vegas, NV 89102",https://www.umcsn.com/,"36.160211849999996,-115.16774875702787"
 NY, NYAM-TX1,Albany Medical Center Hospital, NYAM-TX1 Albany Medical Center Hospital,"43 New Scotland Ave, Albany, NY 12208",http://www.amc.edu/,"42.653810500000006,-73.77695851652038"
 NY, NYBC-TX1,Childrens Hospital of Buffalo, NYBC-TX1 Childrens Hospital of Buffalo,"818 Ellicott St, Buffalo, NY 14203",http://www.amc.edu/patient/services/childrens_hospital/index.cfm,"42.9008894,-78.86776359261187"
 NY, NYBU-TX1,Buffalo General Hospital/ Children's Hospital, NYBU-TX1 Buffalo General Hospital/ Children's Hospital,"100 High St, Buffalo, NY 14203",http://www.ochbuffalo.org/,"42.901239399999994,-78.86579918837745"
 NY, NYBU-VA1,Buffalo Veterans Administration Medical Center, NYBU-VA1 Buffalo Veterans Administration Medical Center,"3495 Bailey Ave, Buffalo, NY 14215",https://www.buffalo.va.gov/,"42.9510411,-78.81227440204518"
 NY, NYCC-TX1,Long Island Jewish Medical Center-Cohen Children's Medical Center, NYCC-TX1 Long Island Jewish Medical Center-Cohen Children's Medical Center,"269-01 76th Ave, Queens, NY 11040",https://childrenshospital.northwell.edu/?utm_source=provider_listing&utm_medium=partner&utm_campaign=doctor_dot_com,"40.7538889,-73.7083333"
 NY, NYCP-TX1,NY Presbyterian Hospital/Columbia Univ. Medical Center, NYCP-TX1 NY Presbyterian Hospital/Columbia Univ. Medical Center,"622 W 168th St, New York, NY 10032",http://www.cumc.columbia.edu/?utm_source=Ggl&utm_medium=GMB-link&utm_campaign=CD,"40.84141464285714,-73.94033185714285"
 NY, NYDS-TX1,"State University of New York, Downstate Medical Center"," NYDS-TX1 State University of New York, Downstate Medical Center","450 Clarkson Ave, Brooklyn, NY 11203",http://www.downstate.edu/find-a-physician.html,"40.6553702,-73.9450773"
 NY, NYEC-TX1,Erie County Medical Center, NYEC-TX1 Erie County Medical Center,"462 Grider St, Buffalo, NY 14215",http://www.ecmc.edu/,"42.9263064,-78.83246089498365"
 NY, NYFL-TX1,"Strong Memorial Hospital, University of Rochester Medical Center"," NYFL-TX1 Strong Memorial Hospital, University of Rochester Medical Center","601 Elmwood Ave, Rochester, NY 14642",http://urmc.rochester.edu/,"43.1225119,-77.62615248511852"
 NY, NYMA-TX1,Montefiore Medical Center, NYMA-TX1 Montefiore Medical Center,"2475 St Raymond Ave, The Bronx, NY 10461",https://www.montefiore.org/,"41.6865689,-73.89822742358568"
 NY, NYMS-TX1,Mount Sinai Medical Center, NYMS-TX1 Mount Sinai Medical Center,"5 E 98th St, New York, NY 10029",http://www.mountsinai.org/,"40.78909055,-73.95390005336077"
 NY, NYNS-TX1,North Shore University Hospital/Northwell Health, NYNS-TX1 North Shore University Hospital/Northwell Health,"611 Northern Blvd, Great Neck, NY 11021",https://www.northwell.edu/find-care/locations/northwell-health-center-adult-ophthalmology,"40.78280275,-73.71604474490621"
 NY, NYNY-TX1,New York-Presbyterian Hospital/Weill Cornell Medical Center, NYNY-TX1 New York-Presbyterian Hospital/Weill Cornell Medical Center,"1414 York Ave, New York, NY 10021",https://www.nyp.org/locations/newyork-presbyterian-weill-cornell-medical-center,"40.768834,-73.9520813"
 NY, NYSB-TX1,University Hospital of State University of New York at Stony Brook, NYSB-TX1 University Hospital of State University of New York at Stony Brook,"100 Nicolls Rd, Stony Brook, NY 11794",https://www.stonybrook.edu/,"40.9141181,-73.1211698"
 NY, NYSL-TX1,St. Luke's Roosevelt Hospital Center, NYSL-TX1 St. Luke's Roosevelt Hospital Center,"315 W 57th St #204, New York, NY 10019",,"40.76743269431611, -73.98362464041226"
 NY, NYUC-TX1,New York University Medical Center, NYUC-TX1 New York University Medical Center,"160 E 34th St, New York, NY 10016",,"40.74572245,-73.97881041321077"
 NY, NYUM-TX1,State University of New York Upstate Medical University, NYUM-TX1 State University of New York Upstate Medical University,"750 E Adams St, Syracuse, NY 13210",,"43.0408333,-76.1391667"
 NY, NYVA-TX1,James J. Peters VA Medical Center, NYVA-TX1 James J. Peters VA Medical Center,"130 W Kingsbridge Rd, The Bronx, NY 10468",https://www.va.gov/health/,"40.86720035,-73.90551068951713"
 NY, NYWC-TX1,Westchester Medical Center, NYWC-TX1 Westchester Medical Center,"3262 Westchester Ave, The Bronx, NY 10461",http://www.medicalclinicsofnyc.com/,"40.852450088235294,-73.82793673529412"
 OH, OHAC-TX1,Akron City Hospital, OHAC-TX1 Akron City Hospital,"141 N Forge St, Akron, OH 44304",https://www.summahealth.org/locations/hospitals/akron?utm_campaign=website-link&utm_medium=organic&utm_source=local-listing,"41.08194333905018,-81.50203507295707"
 OH, OHCA-TX1,Childrens Hospital Medical Center of Akron, OHCA-TX1 Childrens Hospital Medical Center of Akron,"1 Perkins Square, Akron, OH 44308",https://www.akronchildrens.org/,"41.07921976549863, -81.52545938593482"
 OH, OHCC-TX1,The Cleveland Clinic Foundation, OHCC-TX1 The Cleveland Clinic Foundation,"1 Akron General Ave, Akron, OH 44307",https://my.clevelandclinic.org/locations/directions/416-akron-general,"41.078440650000005,-81.53156148236548"
 OH, OHCH-TX1,Nationwide Children's Hospital, OHCH-TX1 Nationwide Children's Hospital,"700 Children's Dr, Columbus, OH 43205",https://www.nationwidechildrens.org/,"39.95281405,-82.98039903839494"
 OH, OHCM-TX1,Children's Hospital Medical Center, OHCM-TX1 Children's Hospital Medical Center,"3333 Burnet Ave, Cincinnati, OH 45229",https://www.cincinnatichildrens.org/?utm_source=local&utm_medium=organic&utm_campaign=profile_listing&utm_content=website,"39.14084475,-84.50228846584608"
 OH, OHCO-TX1,University of Toledo Medical Center, OHCO-TX1 University of Toledo Medical Center,"3000 Arlington Ave, Toledo, OH 43614",https://www.utoledo.edu/hscerror.html,"41.619478,-83.620893"
 OH, OHMV-TX1,Miami Valley Hospital, OHMV-TX1 Miami Valley Hospital,"1 Wyoming St, Dayton, OH 45409",https://www.premierhealth.com/locations/hospitals/miami-valley-hospital,"39.74524605,-84.18604426125285"
 OH, OHOU-TX1,Ohio State University Medical Center, OHOU-TX1 Ohio State University Medical Center,"410 W 10th Ave, Columbus, OH 43210",https://wexnermedical.osu.edu/,"39.9950822,-83.01873232331297"
 OH, OHSE-TX1,St. Elizabeth Health Center, OHSE-TX1 St. Elizabeth Health Center,"1044 Belmont Ave, Youngstown, OH 44505",http://www.stelizabeth.com/,"41.1132814,-80.6566146"
 OH, OHTC-TX1,The Christ Hospital, OHTC-TX1 The Christ Hospital,"2139 Auburn Ave, Cincinnati, OH 45219",https://www.thechristhospital.com/locations/locations-hospital,"39.120838750000004,-84.51111281517443"
 OH, OHUC-TX1,University of Cincinnati Medical Center, OHUC-TX1 University of Cincinnati Medical Center,"3200 Burnet Ave, Cincinnati, OH 45229",http://www.uchealth.com/,"39.136733,-84.500749"
 OH, OHUH-TX1,University Hospitals of Cleveland, OHUH-TX1 University Hospitals of Cleveland,"11100 Euclid Ave, Cleveland, OH 44106",https://www.uhhospitals.org/locations/uh-cleveland-medical-center/services/emergency-room?utm_campaign=UH_Cleveland_Medical_Center_Emergency_Room_11100_Euclid_Avenue&utm_source=yext&utm_medium=locallisting&utm_content=website_url,"41.505776,-81.60606906894755"
 OK, OKBC-TX1,Integris Baptist Medical Center, OKBC-TX1 Integris Baptist Medical Center,"3300 Northwest Expy, Oklahoma City, OK 73112",https://baptist.integrisok.com/,"35.5294826,-97.57649973257467"
 OK, OKCM-TX1,Children's Hospital of Oklahoma, OKCM-TX1 Children's Hospital of Oklahoma,"711 Stanton L Young Blvd, Oklahoma City, OK 73104",https://www.ouhealth.com/find-a-location/ou-health-university-of-oklahoma-medical-center/,"35.48006,-97.50066496428572"
 OK, OKHM-TX1,Hillcrest Medical Center, OKHM-TX1 Hillcrest Medical Center,"1120 S Utica Ave, Tulsa, OK 74104",http://www.hillcrestmedicalcenter.com/,"36.146462549999995,-95.96908032959173"
 OK, OKMD-TX1,OU Medical Center, OKMD-TX1 OU Medical Center,"744 W 9th St, Tulsa, OK 74127",http://www.osumc.com/,"36.146461849999994,-95.9995819968587"
 OK, OKSA-TX1,St. Anthony Hospital, OKSA-TX1 St. Anthony Hospital,"1000 N Lee Ave, Oklahoma City, OK 73102",https://www.ssmhealth.com/locations/st-anthony-hospital?utm_id=gmb-ok-9&hgcrm_channel=sms_text&hgcrm_source=healthgrades&hgcrm_agency=client&hgcrm_campaignid=1641&hgcrm_tacticid=2666&hgcrm_trackingsetid=4069,"35.477650100000005,-97.52372852013082"
 OK, OKSF-TX1,Saint Francis Hospital, OKSF-TX1 Saint Francis Hospital,"6161 S Yale Ave, Tulsa, OK 74136",https://www.saintfrancis.com/location/saint-francis-hospital?utm_campaign=website-link&utm_medium=organic&utm_source=local-listing,"36.0726356,-95.91973577902903"
 OK, OKSJ-TX1,St John Medical Center, OKSJ-TX1 St John Medical Center,"2100 S Wheeling Ave, Tulsa, OK 74104",https://www.stjohnhealthsystem.com/medical-center,"36.1341242,-95.9646352"
 OR, ORGS-TX1,Legacy Good Samaritan Hospital and Medical Center, ORGS-TX1 Legacy Good Samaritan Hospital and Medical Center,"1015 NW 22nd Ave, Portland, OR 97210",,"45.5305258,-122.69762161582474"
 OR, ORPM-TX1,Providence Portland Medical Center, ORPM-TX1 Providence Portland Medical Center,"4805 NE Glisan St, Portland, OR 97213",https://oregon.providence.org/location-directory/p/providence-portland-medical-center/?y_source=1_OTU3NjMxMy03MTUtbG9jYXRpb24uZ29vZ2xlX3dlYnNpdGVfb3ZlcnJpZGU=#llaid=5719,"45.528206499999996,-122.61342203311631"
 OR, ORSV-TX1,Providence St. Vincent Medical Center, ORSV-TX1 Providence St. Vincent Medical Center,"9205 SW Barnes Rd, Portland, OR 97225",https://oregon.providence.org/location-directory/p/providence-st-vincent-medical-center/?y_source=1_OTU3NjM5Ni03MTUtbG9jYXRpb24uZ29vZ2xlX3dlYnNpdGVfb3ZlcnJpZGU%3D#llaid=5775,"45.5158698,-122.7466777"
 OR, ORUO-TX1,Oregon Health and Science University, ORUO-TX1 Oregon Health and Science University,"3181 SW Sam Jackson Park Rd, Portland, OR 97239",https://www.ohsu.edu/?utm_source=gmb&utm_medium=organic&utm_content=LocationOHSU,"45.49984645,-122.68668584011408"
 OR, ORVA-TX1,VA Portland Health Care System, ORVA-TX1 VA Portland Health Care System,"3710 SW US Veterans Hospital Rd, Portland, OR 97239",https://www.portland.va.gov/,"45.54604585,-122.86539066045154"
 PA, PAAE-TX1,Albert Einstein Medical Center, PAAE-TX1 Albert Einstein Medical Center,"5501 Old York Rd, Philadelphia, PA 19141",https://www.einstein.edu/einstein-medical-center-philadelphia,"40.0368481,-75.14158870992098"
 PA, PAAG-TX1,Allegheny General Hospital, PAAG-TX1 Allegheny General Hospital,"320 E North Ave, Pittsburgh, PA 15212",https://www.ahn.org/locations.html/?utm_source=GMB&utm_medium=Local&utm_content=Facility&utm_campaign=990940636204059272,"40.45696955,-80.0033113928861"
 PA, PACC-TX1,Crozer-Chester Medical Center, PACC-TX1 Crozer-Chester Medical Center,"1 Medical Center Blvd, Upland, PA 19013",https://www.crozerkeystone.org/crozer,"39.85541155,-75.36825021018319"
 PA, PACH-TX1,UPMC Children's Hospital of Pittsburgh, PACH-TX1 UPMC Children's Hospital of Pittsburgh,"4401 Penn Ave, Pittsburgh, PA 15224",http://www.chp.edu/contact-us,"40.467201450000005,-79.9532452563892"
 PA, PACP-TX1,Children's Hospital of Philadelphia, PACP-TX1 Children's Hospital of Philadelphia,"3401 Civic Center Blvd, Philadelphia, PA 19104",http://www.chop.edu/,"39.94769755,-75.19498022347875"
 PA, PAGM-TX1,Geisinger Medical Center, PAGM-TX1 Geisinger Medical Center,"100 N Academy Ave, Danville, PA 17822",https://www.geisinger.org/patient-care/find-a-location/geisinger-medical-center?utm_source=gmb&utm_medium=web&utm_term=&utm_content=&utm_campaign=kyruus_brandify,"40.96799640897774, -76.60536865895142"
 PA, PAHE-TX1,Penn State Milton S Hershey Medical Center, PAHE-TX1 Penn State Milton S Hershey Medical Center,"500 University Dr, Hershey, PA 17033",https://www.pennstatehealth.org/locations/milton-s-hershey-medical-center?utm_source=local-listing&utm_medium=organic&utm_campaign=website-link,"40.26370945,-76.67482218737376"
 PA, PAHH-TX1,Pinnacle Health System at Harrisburg Hospital, PAHH-TX1 Pinnacle Health System at Harrisburg Hospital,"2501 N 3rd St #2, Harrisburg, PA 17110",https://www.pinnaclehealth.org/locations/building/3109-polyclinic,"40.2874113,-76.89867480558937"
 PA, PAHM-TX1,Hahnemann University Hospital, PAHM-TX1 Hahnemann University Hospital,"230 N Broad St, Philadelphia, PA 19102",http://www.hahnemannhospital.com/,"39.95687289999999,-75.16354750109718"
 PA, PALH-TX1,The Lankenau Hospital, PALH-TX1 The Lankenau Hospital,"100 E Lancaster Ave, Wynnewood, PA 19096",https://www.mainlinehealth.org/locations/lankenau-medical-center,"39.98813305,-75.26243037614651"
 PA, PALV-TX1,Lehigh Valley Hospital, PALV-TX1 Lehigh Valley Hospital,"1200 S Cedar Crest Blvd, Allentown, PA 18103",https://www.lvhn.org/locations/lehigh-valley-hospital-cedar-crest,"40.586407,-75.523613"
 PA, PAPH-TX1,UPMC Hamot, PAPH-TX1 UPMC Hamot,"201 State St, Erie, PA 16550",http://www.upmc.com/locations/hospitals/hamot,"42.1346209,-80.0866224"
 PA, PAPT-TX1,University of Pittsburgh Medical Center, PAPT-TX1 University of Pittsburgh Medical Center,"200 Lothrop St, Pittsburgh, PA 15213",https://www.upmc.com/locations/hospitals/presbyterian,"40.4427264,-79.96064674678031"
 PA, PARH-TX1,Reading Hospital, PARH-TX1 Reading Hospital,"371-399 S 7th Ave, West Reading, PA 19611",https://reading.towerhealth.org/,"40.33116417171717,-75.95202803030303"
 PA, PASC-TX1,St. Christopher's Hospital for Children, PASC-TX1 St. Christopher's Hospital for Children,"160 E Erie Ave, Philadelphia, PA 19134",https://towerhealth.org/locations/st-christophers-hospital-children,"40.00627865,-75.12563272174422"
 PA, PATJ-TX1,Thomas Jefferson University Hospital, PATJ-TX1 Thomas Jefferson University Hospital,"111 S 11th St, Philadelphia, PA 19107",https://hospitals.jefferson.edu/find-a-location/locations/thomas-jefferson-university-hospital.html,"39.9493479,-75.15801474823724"
 PA, PATU-TX1,Temple University Hospital, PATU-TX1 Temple University Hospital,"3401 N Broad St, Philadelphia, PA 19140",https://www.templehealth.org/locations/temple-university-hospital?utm_source=google&utm_medium=organic&utm_campaign=GoogleMyBusiness&utm_term=GMB%20Website%20Button&utm_content=TUH,"40.005307900000005,-75.1508235158642"
 PA, PAUP-TX1,Hospital of the University of Pennsylvania, PAUP-TX1 Hospital of the University of Pennsylvania,"3400 Spruce St, Philadelphia, PA 19104",https://www.pennmedicine.org/for-patients-and-visitors/penn-medicine-locations/hospital-of-the-university-of-pennsylvania?y_source=1_NDE5ODI4Ny03MTUtbG9jYXRpb24ud2Vic2l0ZQ%3D%3D,"39.94994805,-75.1941014226351"
 PA, PAVA-TX1,VA Pittsburgh Healthcare System, PAVA-TX1 VA Pittsburgh Healthcare System,"7180 Highland Dr, Pittsburgh, PA 15206",http://www.pittsburgh.va.gov/,"40.47814702493848,-79.89882226589717"
 PA, PAWV-TX1,Geisinger Wyoming Valley Medical Ctr, PAWV-TX1 Geisinger Wyoming Valley Medical Ctr,"1000 E Mountain Dr, Wilkes-Barre, PA 18711",https://www.geisinger.org/patient-care/find-a-location/geisinger-wyoming-valley-medical-center?utm_source=gmb&utm_medium=web&utm_term=&utm_content=&utm_campaign=kyruus_brandify,"41.25794919615095, -75.8071660705884"
 PR, PRCC-TX1,Cardiovascular Center of Puerto Rico and the Caribbean, PRCC-TX1 Cardiovascular Center of Puerto Rico and the Caribbean,"Paseo Dr. Jose Celso Barbosa, San Juan, 00921, Puerto Rico",http://www.rcm.upr.edu/,"18.3948786,-66.0721332"
 PR, PRSJ-TX1,Auxilio Mutuo Hospital, PRSJ-TX1 Auxilio Mutuo Hospital,"Av. Juan Ponce de León, Hato Rey Central, San Juan 00919, Puerto Rico",http://www.auxiliomutuo.com/,"18.4236382,-66.057291"
 RI, RIRH-TX1,Rhode Island Hospital, RIRH-TX1 Rhode Island Hospital,"593 Eddy St # 124, Providence, RI 02903",http://www.rhodeislandhospital.org/,"41.8118618,-71.4091293"
 SC, SCCH-TX1,MUSC Children's Hospital, SCCH-TX1 MUSC Children's Hospital,"10 McClennan Banks Dr, Charleston, SC 29425",https://musckids.org/about-us/sjch?utm_source=Yext&utm_medium=Listings&utm_campaign=WebsiteClicksFacility&y_source=1_MTI2NTc1NjAtNzE1LWxvY2F0aW9uLndlYnNpdGU%3D,"32.78287466245241, -79.95144988607568"
 SC, SCMU-TX1,Medical University of South Carolina, SCMU-TX1 Medical University of South Carolina,"171 Ashley Ave, Charleston, SC 29425",https://www.muschealth.org/?utm_source=Yext&utm_medium=Listings&utm_campaign=WebsiteClicksFacility&y_source=1_MTI2NTc3MDQtNzE1LWxvY2F0aW9uLndlYnNpdGU%3D,"32.78553865,-79.9517057940751"
 SC, SCRM-TX1,Richland Memorial Hospital, SCRM-TX1 Richland Memorial Hospital,"5 Richland Medical Park Dr, Columbia, SC 29203",https://www.palmettohealth.org/locations-directions/hospitals/palmetto-health-richland,"34.027949,-81.0325565913862"
 SD, SDMK-TX1,Avera McKennan Hospital, SDMK-TX1 Avera McKennan Hospital,"1325 S Cliff Ave, Sioux Falls, SD 57105",https://www.avera.org/locations/mckennan/?y_source=1_MTIyMTIzMjMtNzE1LWxvY2F0aW9uLndlYnNpdGU=,"43.5343826,-96.71380731258924"
 SD, SDSV-TX1,Sanford Health/USD Medical Center, SDSV-TX1 Sanford Health/USD Medical Center,"1305 W 18th St, Sioux Falls, SD 57117",https://www.sanfordhealth.org/locations/sanford-usd-medical-center/?y_source=1_MTA2MTkxNzItNzE1LWxvY2F0aW9uLndlYnNpdGU=,"43.5356881,-96.7435889"
 TN, TNBM-TX1,Baptist Memorial Hospital, TNBM-TX1 Baptist Memorial Hospital,"6019 Walnut Grove Rd, Memphis, TN 38120",https://www.baptistonline.org/locations/memphis,"35.12865085,-89.86071256181081"
 TN, TNEM-TX1,Erlanger Medical Center, TNEM-TX1 Erlanger Medical Center,"975 E 3rd St, Chattanooga, TN 37403",https://www.erlanger.org/,"35.0488655,-85.29057173517488"
 TN, TNJC-TX1,Johnson City Medical Center Hospital, TNJC-TX1 Johnson City Medical Center Hospital,"400 N State of Franklin Rd, Johnson City, TN 37604",https://www.balladhealth.org/hospitals/johnson-city-medical-center,"36.30778825,-82.38419350436055"
 TN, TNLB-TX1,Le Bonheur Children's Medical Center, TNLB-TX1 Le Bonheur Children's Medical Center,"848 Adams Ave, Memphis, TN 38103",https://www.lebonheur.org/locations/hospital,"35.14437035,-90.03131460327822"
 TN, TNMH-TX1,Methodist University Hospital, TNMH-TX1 Methodist University Hospital,"1265 Union Ave, Memphis, TN 38104",http://www.methodisthealth.org/locations/methodist-university-hospital,"35.13682405,-90.01964242031474"
 TN, TNPV-TX1,Centennial Medical Center, TNPV-TX1 Centennial Medical Center,"2300 Patterson St, Nashville, TN 37203",https://tristarcentennial.com/,"36.15356345,-86.80824723007134"
 TN, TNST-TX1,Saint Thomas Hospital, TNST-TX1 Saint Thomas Hospital,"4220 Harding Pike, Nashville, TN 37205",https://healthcare.ascension.org/Locations/Tennessee/TNNAS/Nashville-Ascension-Saint-Thomas-Hospital?utm_campaign=gmb-website&utm_medium=organic&utm_source=google,"36.1296963,-86.84464522914443"
 TN, TNUK-TX1,University of Tennessee Medical Center at Knoxville, TNUK-TX1 University of Tennessee Medical Center at Knoxville,"1924 Alcoa Hwy, Knoxville, TN 37920",http://www.utmedicalcenter.org/,"35.939986,-83.94372777850384"
 TN, TNUT-TX1,William F Bowld Hospital University of Tennessee Medical Center, TNUT-TX1 William F Bowld Hospital University of Tennessee Medical Center,"920 Madison Ave, Memphis, TN 38163",http://www.uthsc.edu/,"35.1403029,-90.0307285"
 TN, TNVA-TX1,Tennessee Valley Healthcare System, TNVA-TX1 Tennessee Valley Healthcare System,"1310 24th Ave S, Nashville, TN 37212",https://www.tennesseevalley.va.gov/,"36.141127049999994,-86.80394529388875"
 TN, TNVU-TX1,Vanderbilt University Medical Center, TNVU-TX1 Vanderbilt University Medical Center,"1211 Medical Center Dr, Nashville, TN 37232",https://search.vanderbilthealth.com/locations/vanderbilt-university-medical-center?utm_source=Yext&utm_medium=Listings&utm_campaign=WebsiteClicks_Facility&utm_content=338,"36.14092375,-86.80163418092431"
 TN, TNVU-VA1,Nashville Veterans Administration Hospital, TNVU-VA1 Nashville Veterans Administration Hospital,"1310 24th Ave S, Nashville, TN 37212",https://www.tennesseevalley.va.gov/,"36.141127049999994,-86.80394529388875"
 TX, TXAD-TX1,Brackenridge Hospital, TXAD-TX1 Brackenridge Hospital,"601 E 15th St, Austin, TX 78701",http://www.seton.net/,"30.2740175,-97.73370637781528"
 TX, TXAS-TX1,Baylor Scott and White All Saints Medical Center-Fort Worth, TXAS-TX1 Baylor Scott and White All Saints Medical Center-Fort Worth,"1400 8th Ave, Fort Worth, TX 76104",https://www.bswhealth.com/locations/fort-worth/?y_source=1_MTM0MTE3MDMtNzE1LWxvY2F0aW9uLndlYnNpdGU=,"32.7298635,-97.34555523667592"
 TX, TXBA-TX1,Brooke Army Medical Center, TXBA-TX1 Brooke Army Medical Center,"3551 Roger Brooke Dr, Fort Sam Houston, TX 78234",http://www.tricare.mil/FindDoctor/AllProviderDirectories/MSM/SAMHS,"29.45889605,-98.41930950614605"
 TX, TXBC-TX1,"University Hospital, University of Texas Health Science Center"," TXBC-TX1 University Hospital, University of Texas Health Science Center","7703 Floyd Curl Dr, San Antonio, TX 78229",http://www.uthealthsa.org/,"29.5073831741605,-98.57341893119803"
 TX, TXCF-TX1,Cook Children's Medical Center, TXCF-TX1 Cook Children's Medical Center,"801 7th Ave, Fort Worth, TX 76104",https://cookchildrens.org/medical-center/?utm_source=google&utm_medium=OrganicSearch&utm_campaign=yext,"32.7365621,-97.34108603545202"
 TX, TXCM-TX1,Children's Medical Center of Dallas, TXCM-TX1 Children's Medical Center of Dallas,"1935 Medical District Dr, Dallas, TX 75235",https://www.childrens.com/location-landing/locations-and-directions/childrens-health-dallas?utm_source=google&utm_medium=yext&utm_campaign=Childrens%20Health%20Locations%20%20Childrens%20Medical%20Center%20%20Dallas%20%20Brand,"32.80947825,-96.83754657660697"
 TX, TXCT-TX1,Seton Medical Center Austin, TXCT-TX1 Seton Medical Center Austin,"1201 W 38th St, Austin, TX 78705",https://healthcare.ascension.org/Locations/Texas/TXAUS/Austin-Ascension-Seton-Medical-Center-Austin?utm_campaign=gmb&utm_medium=organic&utm_source=local,"30.305094150000002,-97.74610943639391"
 TX, TXDC-TX1,Driscoll Children's Hospital, TXDC-TX1 Driscoll Children's Hospital,"3533 S Alameda St, Corpus Christi, TX 78411",http://www.driscollchildrens.org/,"27.748732500000003,-97.38647521013932"
 TX, TXDL-TX1,Dell Children's Medical Center, TXDL-TX1 Dell Children's Medical Center,"4900 Mueller Blvd, Austin, TX 78723",https://healthcare.ascension.org/Locations/Texas/TXAUS/Austin-Dell-Childrens-Medical-Center?utm_campaign=gmb-website&utm_medium=organic&utm_source=google,"30.3038359,-97.70649017876087"
 TX, TXDM-TX1,North Austin Medical Center, TXDM-TX1 North Austin Medical Center,"12221 N Mopac Expy, Austin, TX 78758",http://www.stdavids.com/locations/st-davids-north-austin-medical-center?utm_campaign=corp_listings_mgmt&utm_source=google&utm_medium=business_listing,"30.4117954,-97.70636441917071"
 TX, TXDR-TX1,Doctor's Hospital at Renaissance, TXDR-TX1 Doctor's Hospital at Renaissance,"2717 Michael Angelo Dr Suite 200, Edinburg, TX 78539",https://www.dhrhealth.com/services/oncology,"26.25482160988459, -98.20205871685285"
 TX, TXFW-TX1,Texas Health Harris Methodist Fort Worth Hospital, TXFW-TX1 Texas Health Harris Methodist Fort Worth Hospital,"Richardson, 1301 Pennsylvania Ave, Fort Worth, TX 76104",https://www.texashealth.org/fortworth,"32.7369675,-97.33885905693137"
 TX, TXGV-TX1,Baylor Medical Center Grapevine, TXGV-TX1 Baylor Medical Center Grapevine,"1650 W College St, Grapevine, TX 76051",https://www.bswhealth.com/locations/grapevine/?y_source=1_MTM0MTE2OTktNzE1LWxvY2F0aW9uLndlYnNpdGU=,"32.933875150000006,-97.09405811661463"
 TX, TXHD-TX1,Medical City Dallas Hospital, TXHD-TX1 Medical City Dallas Hospital,"7777 Forest Ln, Dallas, TX 75230",https://medicalcityhealthcare.com/locations/medical-city-dallas/?utm_campaign=corp_listings_mgmt&utm_source=google&utm_medium=business_listing,"32.91149145,-96.7732312545507"
 TX, TXHH-TX1,"Memorial Hermann Hospital, University of Texas at Houston"," TXHH-TX1 Memorial Hermann Hospital, University of Texas at Houston","6400 Fannin St #2210a, Houston, TX 77030",http://memorialhermann.org/,"29.715378100000002,-95.3971277511447"
 TX, TXHI-TX1,CHI St. Luke's Health Baylor College of Medicine Medical Center, TXHI-TX1 CHI St. Luke's Health Baylor College of Medicine Medical Center,"6720 Bertner Ave, Houston, TX 77030",https://www.stlukeshealth.org/locations/baylor-st-lukes-medical-center?utm_source=LocalSearch&utm_medium=Facility&utm_campaign=CHITexas&utm_term=CHIStLukesHealthBaylorStLukesMedicalCenter&y_source=1_MTUxNjI3NTYtNzE1LWxvY2F0aW9uLndlYnNpdGU%3D,"29.7081119,-95.40044102105922"
 TX, TXHS-TX1,Methodist Specialty and Transplant Hospital, TXHS-TX1 Methodist Specialty and Transplant Hospital,"8026 Floyd Curl Dr, San Antonio, TX 78229",https://sahealth.com/specialties/emergency-care?location=methodist-hospital-specialty-and-transplant?utm_campaign=corp_listings_mgmt&utm_source=google&utm_medium=business_listing,"29.5142308,-98.5763446577501"
 TX, TXJS-TX1,University of Texas Medical Branch at Galveston, TXJS-TX1 University of Texas Medical Branch at Galveston,"301 University Blvd, Galveston, TX 77555",http://www.utmbhealth.com/,"29.310936888040022, -94.77589525914104"
 TX, TXLG-TX1,University Medical Center, TXLG-TX1 University Medical Center,"3410 Worth Street Dallas, TX 75246",https://www.bswhealth.com/locations/temple/specialties/transplant,"32.78811775167785,-96.77948025503356"
 TX, TXLM-TX1,Covenant Medical Center, TXLM-TX1 Covenant Medical Center,"3615 19th St, Lubbock, TX 79410",http://www.covenanthealth.org/,"33.57689345,-101.89211173098738"
 TX, TXLP-TX1,Las Palmas Medical Center, TXLP-TX1 Las Palmas Medical Center,"1801 N Oregon St, El Paso, TX 79902",http://www.laspalmasdelsolhealthcare.com/locations/las-palmas-medical-center?utm_campaign=corp_listings_mgmt&utm_source=google&utm_medium=business_listing,"31.7699876,-106.49834227113362"
 TX, TXMA-TX1,McAllen Medical Center, TXMA-TX1 McAllen Medical Center,"301 W Expy 83, McAllen, TX 78503",https://southtexashealthsystemmcallen.com/?utm_source=google-business&utm_medium=organic&utm_campaign=homepage,"26.186878800000002,-98.22592798183837"
 TX, TXMC-TX1,Methodist Dallas Medical Center, TXMC-TX1 Methodist Dallas Medical Center,"1441 N Beckley Ave, Dallas, TX 75203",https://www.methodisthealthsystem.org/methodist-dallas-medical-center/?L=true,"32.761253350000004,-96.82504595860804"
 TX, TXMH-TX1,Houston Methodist Hospital, TXMH-TX1 Houston Methodist Hospital,"6565 Fannin St, Houston, TX 77030",https://www.houstonmethodist.org/locations/texas-medical-center/?utm_source=gmb&utm_medium=organic&utm_campaign=all_front_door_gmb&utm_content=website-click,"29.7108167,-95.39926397738664"
 TX, TXPL-TX1,Medical City Fort Worth, TXPL-TX1 Medical City Fort Worth,"900 8th Ave, Fort Worth, TX 76104",https://medicalcityhealthcare.com/locations/medical-city-fort-worth/?utm_campaign=corp_listings_mgmt&utm_source=google&utm_medium=business_listing,"32.73570585,-97.34514634519539"
 TX, TXPM-TX1,Parkland Health and Hospital System, TXPM-TX1 Parkland Health and Hospital System,"5201 Harry Hines Blvd, Dallas, TX 75235",http://www.parklandhospital.com/police,"32.823451,-96.851607"
 TX, TXRM-TX1,Christus Santa Rosa Hospital Medical Center, TXRM-TX1 Christus Santa Rosa Hospital Medical Center,"2827 Babcock Rd, San Antonio, TX 78229",https://www.christushealth.org/santa-rosa/medical-center?utm_source=organic&utm_medium=GMB&utm_campaign=website&y_source=1_MTUzNzY1NTktNzE1LWxvY2F0aW9uLmdvb2dsZV93ZWJzaXRlX292ZXJyaWRl,"29.51237735,-98.58916043195666"
 TX, TXSM-TX1,Sierra Medical Center, TXSM-TX1 Sierra Medical Center,"1625 Medical Center St Drive, El Paso, TX 79902",https://www.thehospitalsofprovidence.com/locations/detail/sierra-campus/?utm_campaign=gmb_listings_mgmt&utm_source=gmb-thop-sierra-campus&utm_medium=google-local,"31.77853445,-106.48057497957896"
 TX, TXSP-TX1,UT Southwestern Medical Center/William P. Clements Jr. University Hospital, TXSP-TX1 UT Southwestern Medical Center/William P. Clements Jr. University Hospital,"6201 Harry Hines Blvd, Dallas, TX 75390",https://utswmed.org/locations/clements/?utm_campaign=directory_listing,"32.819493449999996,-96.8488466575298"
 TX, TXSW-TX1,Scott and White Memorial Hospital, TXSW-TX1 Scott and White Memorial Hospital,"3500 Gaston Ave, Dallas, TX 75246",https://www.bswhealth.com/locations/dallas?y_source=1_MTM0MTE3MTMtNzE1LWxvY2F0aW9uLndlYnNpdGU%3D,"32.789943199999996,-96.77792352832815"
 TX, TXTC-TX1,Texas Children's Hospital, TXTC-TX1 Texas Children's Hospital,"6701 Fannin St #1400, Houston, TX 77030",https://www.texaschildrens.org/,"29.7069019,-95.40233497156635"
 TX, TXTX-TX1,Baylor University Medical Center, TXTX-TX1 Baylor University Medical Center,"1 Baylor Plaza, Houston, TX 77030",https://www.bcm.edu/,"29.7104775,-95.39580027495086"
 TX, TXTY-TX1,East Texas Medical Center, TXTY-TX1 East Texas Medical Center,"701 Olympic Plaza Circle, Tyler, TX 75701",https://uthealtheasttexas.com/,"32.336708849999994,-95.29196977037228"
 TX, TXUC-TX1,University Children’s Health, TXUC-TX1 University Children’s Health,"1602 Kings Hwy, Shreveport, LA 71103",,"32.481702689201406,-93.76414085821195"
 TX, TXVA-TX1,Michael E. DeBakey VA Medical Center, TXVA-TX1 Michael E. DeBakey VA Medical Center,"2002 Holcombe Blvd, Houston, TX 77030",http://www.houston.va.gov/,"29.70187215,-95.38885496647026"
 TX, TXWH-TX1,Wilford Hall Medical Center, TXWH-TX1 Wilford Hall Medical Center,"1100 Wilford Hall Loop, Lackland AFB, TX 78236",http://www.59mdw.af.mil/NewWHASC/,"29.3995319,-98.62297841765125"
 UT, UTLD-TX1,Intermountain Medical Center, UTLD-TX1 Intermountain Medical Center,"5121 S Cottonwood St, Murray, UT 84107",https://intermountainhealthcare.org/locations/intermountain-medical-center/?utm_campaign=gmb-website&utm_medium=organic&utm_source=google,"40.6626395,-111.892294"
 UT, UTMC-TX1,University of Utah Medical Center, UTMC-TX1 University of Utah Medical Center,"50 Medical Dr N, Salt Lake City, UT 84132",https://healthcare.utah.edu/hospital/,"40.77155405,-111.83656495060187"
 UT, UTMC-VA1,Salt Lake City Veterans Administation Medical Center, UTMC-VA1 Salt Lake City Veterans Administation Medical Center,"500 Foothill Dr, Salt Lake City, UT 84148",http://www.saltlakecity.va.gov/,"40.75556475,-111.83865731275122"
 UT, UTPC-TX1,Primary Children's Hospital, UTPC-TX1 Primary Children's Hospital,"100 Mario Capecchi Dr, Salt Lake City, UT 84113",https://intermountainhealthcare.org/locations/primary-childrens-hospital/?utm_campaign=gmb-website&utm_medium=organic&utm_source=google,"40.77121355,-111.83886723951454"
 VA, VACH-TX1,Children's Hospital of the King's Daughters, VACH-TX1 Children's Hospital of the King's Daughters,"601 Children's Ln, Norfolk, VA 23507",https://www.chkd.org/Locations/Main-Hospital,"36.862204500000004,-76.30204056940423"
 VA, VAFH-TX1,Inova Fairfax Hospital, VAFH-TX1 Inova Fairfax Hospital,"3300 Gallows Rd, Falls Church, VA 22042",http://www.inova.org/ifh,"38.8574108,-77.22849480984827"
 VA, VAHD-TX1,Henrico Doctors' Hospital, VAHD-TX1 Henrico Doctors' Hospital,"1602 Skipwith Rd, Richmond, VA 23229",https://henricodoctors.com/?utm_campaign=corp_listings_mgmt&utm_source=google&utm_medium=business_listing,"37.603302049999996,-77.54148077846145"
 VA, VAMC-TX1,"VCU Health System Authority, VCUMC"," VAMC-TX1 VCU Health System Authority, VCUMC","57 N 11th St, Richmond, VA 23298",http://www.vcuhealth.org/,"37.9320248608679,-122.35912076787602"
 VA, VAMV-TX1,Hunter Holmes McGuire Veterans Administration Medical Center, VAMV-TX1 Hunter Holmes McGuire Veterans Administration Medical Center,"1201 Broad Rock Blvd, Richmond, VA 23249",http://www.richmond.va.gov/,"37.4963453,-77.46564277453633"
 VA, VANG-TX1,Sentara Norfolk General Hospital, VANG-TX1 Sentara Norfolk General Hospital,"600 Gresham Dr, Norfolk, VA 23507",https://www.sentara.com/hampton-roads-virginia/hospitalslocations/locations/sentara-norfolk-general-hospital/directions-parking.aspx,"36.86246035,-76.30383383885481"
 VA, VARM-TX1,Carilion Roanoke Memorial Hospital, VARM-TX1 Carilion Roanoke Memorial Hospital,"1906 Belleview Ave SE, Roanoke, VA 24014",https://www.carilionclinic.org/locations/carilion-roanoke-memorial-hospital?utm_campaign=website-link&utm_medium=organic&utm_source=local-listing,"37.25197809838547,-79.94165570672422"
 VA, VAUV-TX1,University of Virginia Health Sciences Center, VAUV-TX1 University of Virginia Health Sciences Center,"1215 Lee St, Charlottesville, VA 22903",https://uvahealth.com/locations/profile/university-hospital?utm_source=yext&utm_medium=GMB&y_source=1_MTY4NDQxMDEtNzE1LWxvY2F0aW9uLmdvb2dsZV93ZWJzaXRlX292ZXJyaWRl,"38.0325931,-78.5004716"
 VT, VTMC-TX1,The University of Vermont Medical Center, VTMC-TX1 The University of Vermont Medical Center,"111 Colchester Ave, Burlington, VT 05401",https://www.uvmhealth.org/medcenter/Pages/default.aspx?utm_source=networkhomepage&utm_medium=greenbox&utm_campaign=medcenter?utm_source=google&utm_medium=yext&utm_campaign=website_field&utm_term=UVM_Medical_Center&utm_content=Burlington,"44.47849285,-73.19291916790445"
 WA, WACH-TX1,Seattle Children's Hospital, WACH-TX1 Seattle Children's Hospital,"5801 Sand Point Way NE, Seattle, WA 98105",https://www.seattlechildrens.org/,"47.67109055,-122.27044997815051"
 WA, WASH-TX1,Providence Sacred Heart Medical Center & Children's Hospital, WASH-TX1 Providence Sacred Heart Medical Center & Children's Hospital,"101 W 8th Ave, Spokane, WA 99204",https://www.providence.org/locations/wa/sacred-heart-childrens-hospital?y_source=1_OTU3Njk1Mi03MTUtbG9jYXRpb24uZ29vZ2xlX3dlYnNpdGVfb3ZlcnJpZGU%3D#llaid=6447,"47.648322449999995,-117.41262361248272"
 WA, WASM-TX1,Swedish Medical Center, WASM-TX1 Swedish Medical Center,"5300 Tallman Ave NW, Seattle, WA 98107",https://www.swedish.org/locations/ballard-campus?y_source=1_OTU3Njg3MS03MTUtbG9jYXRpb24uZ29vZ2xlX3dlYnNpdGVfb3ZlcnJpZGU=#llaid=6597,"47.66758725,-122.38007941737797"
 WA, WAUW-TX1,University of Washington Medical Center, WAUW-TX1 University of Washington Medical Center,"Main Hospital, 1550 N 115th St, Seattle, WA 98133",https://www.uwmedicine.org/locations/northwest-hospital?utm_source=gmb&utm_medium=organic&utm_campaign=website_clicks,"47.7145809,-122.33616216546451"
 WA, WAVM-TX1,Virginia Mason Medical Center, WAVM-TX1 Virginia Mason Medical Center,"1100 9th Ave, Seattle, WA 98101",https://www.virginiamason.org/seattle,"47.610168099999996,-122.32788525305163"
 WI, WICH-TX1,Children's Hospital of Wisconsin, WICH-TX1 Children's Hospital of Wisconsin,"8915 W Connell Ct, Milwaukee, WI 53226",https://childrenswi.org/location-directory/locations/hospitals/milwaukee-hospital,"43.0422237,-88.02351578657195"
 WI, WIMC-TX1,John L Doyne Hospital and Zalocki Veterans Administration Medical Center, WIMC-TX1 John L Doyne Hospital and Zalocki Veterans Administration Medical Center,"5000 W National Ave, Milwaukee, WI 53295",https://www.milwaukee.va.gov/,"43.0242008,-87.9762224"
 WI, WISE-TX1,Froedtert Memorial Lutheran Hospital, WISE-TX1 Froedtert Memorial Lutheran Hospital,"900 N 92nd St, Milwaukee, WI 53226",https://www.froedtert.com/locations/hospital/froedtert-hospital,"43.04432504934584,-88.02612890684792"
 WI, WISL-TX1,Aurora St. Luke's Medical Center, WISL-TX1 Aurora St. Luke's Medical Center,"2900 W Oklahoma Ave, Milwaukee, WI 53215",https://care.aurorahealthcare.org/locations/aurora-st-luke%27s-medical-center-milwaukee,"42.989985700000005,-87.95043041617842"
 WI, WIUW-TX1,University of Wisconsin Hospital and Clinics, WIUW-TX1 University of Wisconsin Hospital and Clinics,"600 Highland Ave, Madison, WI 53792",https://www.uwhealth.org/findadoctor/location/170,"43.0763751,-89.43200488089545"
 WV, WVCA-TX1,Charleston Area Medical Center, WVCA-TX1 Charleston Area Medical Center,"800 Pennsylvania Ave, Charleston, WV 25302",http://www.camc.org/,"38.359296900000004,-81.63744720797257"
 WV, WVWU-TX1,West Virginia University Hospitals Inc., WVWU-TX1 West Virginia University Hospitals Inc.,"3110 MacCorkle Ave SE, Charleston, WV 25304",http://www.wvu.edu/,"38.328595525044754,-81.60443303308448"
